sentence,tokens,tags,tag_ids,true_idioms,language
Letztens hab ich im Laden zwei CDs mitgehen lassen.,"[""Letztens "", ""hab "", ""ich "", ""im "", ""Laden "", ""zwei "", ""CDs "", ""mitgehen "", ""lassen"", "".""]","[""O"", ""O"", ""O"", ""O"", ""O"", ""O"", ""O"", ""B-IDIOM"", ""I-IDIOM"", ""O""]","[0, 0, 0, 0, 0, 0, 0, 1, 2, 0]","[""mitgehen lassen""]",german
Er hat wieder mal mein Feuerzeug mitgehen lassen.,"[""Er "", ""hat "", ""wieder "", ""mal "", ""mein "", ""Feuerzeug "", ""mitgehen "", ""lassen"", "".""]","[""O"", ""O"", ""O"", ""O"", ""O"", ""O"", ""B-IDIOM"", ""I-IDIOM"", ""O""]","[0, 0, 0, 0, 0, 0, 1, 2, 0]","[""mitgehen lassen""]",german
Das interessiert mich nicht die Bohne.,"[""Das "", ""interessiert "", ""mich "", ""nicht "", ""die "", ""Bohne"", "".""]","[""O"", ""O"", ""O"", ""B-IDIOM"", ""I-IDIOM"", ""I-IDIOM"", ""O""]","[0, 0, 0, 1, 2, 2, 0]","[""nicht die Bohne""]",german
Die Israeliten zogen mit Kind und Kegel von Ägypten nach Palästina.,"[""Die "", ""Israeliten "", ""zogen "", ""mit "", ""Kind "", ""und "", ""Kegel "", ""von "", ""\u00c4gypten "", ""nach "", ""Pal\u00e4stina"", "".""]","[""O"", ""O"", ""O"", ""B-IDIOM"", ""I-IDIOM"", ""I-IDIOM"", ""I-IDIOM"", ""O"", ""O"", ""O"", ""O"", ""O""]","[0, 0, 0, 1, 2, 2, 2, 0, 0, 0, 0, 0]","[""mit Kind und Kegel""]",german
"Am Friedrichstraßenbunker lungern sie mit Kind und Kegel, mit Taschen und Flaschen, warten auf Bomben, auf Alarm, warten geduldig vor verschlossenen Toren.","[""Am "", ""Friedrichstra\u00dfenbunker "", ""lungern "", ""sie "", ""mit "", ""Kind "", ""und "", ""Kegel"", "", "", ""mit "", ""Taschen "", ""und "", ""Flaschen"", "", "", ""warten "", ""auf "", ""Bomben"", "", "", ""auf "", ""Alarm"", "", "", ""warten "", ""geduldig "", ""vor "", ""verschlossenen "", ""Toren"", "".""]","[""O"", ""O"", ""O"", ""O"", ""B-IDIOM"", ""I-IDIOM"", ""I-IDIOM"", ""I-IDIOM"", ""O"", ""O"", ""O"", ""O"", ""O"", ""O"", ""O"", ""O"", ""O"", ""O"", ""O"", ""O"", ""O"", ""O"", ""O"", ""O"", ""O"", ""O"", ""O""]","[0, 0, 0, 0, 1, 2, 2, 2, 0, 0, 0, 0, 0, 0, 0, 0, 0, 0, 0, 0, 0, 0, 0, 0, 0, 0, 0]","[""mit Kind und Kegel""]",german
Unerwartet stand mein Bruder mit Sack und Pack vor meiner Haustür und bat um Herberge.,"[""Unerwartet "", ""stand "", ""mein "", ""Bruder "", ""mit "", ""Sack "", ""und "", ""Pack "", ""vor "", ""meiner "", ""Haust\u00fcr "", ""und "", ""bat "", ""um "", ""Herberge"", "".""]","[""O"", ""O"", ""O"", ""O"", ""B-IDIOM"", ""I-IDIOM"", ""I-IDIOM"", ""I-IDIOM"", ""O"", ""O"", ""O"", ""O"", ""O"", ""O"", ""O"", ""O""]","[0, 0, 0, 0, 1, 2, 2, 2, 0, 0, 0, 0, 0, 0, 0, 0]","[""mit Sack und Pack""]",german
Hör’ jetzt endlich auf die beleidigte Leberwurst zu spielen.,"[""H\u00f6r"", ""\u2019 "", ""jetzt "", ""endlich "", ""auf "", ""die "", ""beleidigte "", ""Leberwurst "", ""zu "", ""spielen"", "".""]","[""O"", ""O"", ""O"", ""O"", ""O"", ""O"", ""B-IDIOM"", ""I-IDIOM"", ""O"", ""O"", ""O""]","[0, 0, 0, 0, 0, 0, 1, 2, 0, 0, 0]","[""beleidigte Leberwurst""]",german
Sei nicht so’ne beleidigte Leberwurst!,"[""Sei "", ""nicht "", ""so"", ""\u2019ne "", ""beleidigte "", ""Leberwurst"", ""!""]","[""O"", ""O"", ""O"", ""O"", ""B-IDIOM"", ""I-IDIOM"", ""O""]","[0, 0, 0, 0, 1, 2, 0]","[""beleidigte Leberwurst""]",german
DVDs sind von gestern. Du brauchst Blu-Ray.,"[""DVDs "", ""sind "", ""von "", ""gestern"", "". "", ""Du "", ""brauchst "", ""Blu-Ray"", "".""]","[""O"", ""O"", ""B-IDIOM"", ""I-IDIOM"", ""O"", ""O"", ""O"", ""O"", ""O""]","[0, 0, 1, 2, 0, 0, 0, 0, 0]","[""von gestern""]",german
Ich bin doch nicht von gestern!,"[""Ich "", ""bin "", ""doch "", ""nicht "", ""von "", ""gestern"", ""!""]","[""O"", ""O"", ""O"", ""O"", ""B-IDIOM"", ""I-IDIOM"", ""O""]","[0, 0, 0, 0, 1, 2, 0]","[""von gestern""]",german
eine an den Haaren herbeigezogene Behauptung,"[""eine "", ""an "", ""den "", ""Haaren "", ""herbeigezogene "", ""Behauptung""]","[""O"", ""B-IDIOM"", ""I-IDIOM"", ""I-IDIOM"", ""I-IDIOM"", ""O""]","[0, 1, 2, 2, 2, 0]","[""an den Haaren herbeigezogene""]",german
Ich werde schon über die Runden kommen.,"[""Ich "", ""werde "", ""schon "", ""\u00fcber "", ""die "", ""Runden "", ""kommen"", "".""]","[""O"", ""O"", ""O"", ""B-IDIOM"", ""I-IDIOM"", ""I-IDIOM"", ""I-IDIOM"", ""O""]","[0, 0, 0, 1, 2, 2, 2, 0]","[""\u00fcber die Runden kommen""]",german
Er hat seine Meinung von heute auf morgen geändert.,"[""Er "", ""hat "", ""seine "", ""Meinung "", ""von "", ""heute "", ""auf "", ""morgen "", ""ge\u00e4ndert"", "".""]","[""O"", ""O"", ""O"", ""O"", ""B-IDIOM"", ""I-IDIOM"", ""I-IDIOM"", ""I-IDIOM"", ""O"", ""O""]","[0, 0, 0, 0, 1, 2, 2, 2, 0, 0]","[""von heute auf morgen""]",german
Die EU-Kommission will die Mitgliedsländer an die Kandare nehmen: Unsolides Wirtschaften wird bestraft.,"[""Die "", ""EU-Kommission "", ""will "", ""die "", ""Mitgliedsl\u00e4nder "", ""an "", ""die "", ""Kandare "", ""nehmen"", "": "", ""Unsolides "", ""Wirtschaften "", ""wird "", ""bestraft"", "".""]","[""O"", ""O"", ""O"", ""O"", ""O"", ""B-IDIOM"", ""I-IDIOM"", ""I-IDIOM"", ""I-IDIOM"", ""O"", ""O"", ""O"", ""O"", ""O"", ""O""]","[0, 0, 0, 0, 0, 1, 2, 2, 2, 0, 0, 0, 0, 0, 0]","[""an die Kandare nehmen""]",german
Das ganze Projekt steht auf der Kippe.,"[""Das "", ""ganze "", ""Projekt "", ""steht "", ""auf "", ""der "", ""Kippe"", "".""]","[""O"", ""O"", ""O"", ""O"", ""B-IDIOM"", ""I-IDIOM"", ""I-IDIOM"", ""O""]","[0, 0, 0, 0, 1, 2, 2, 0]","[""auf der Kippe""]",german
Schließlich ließ er sich vollgeschwitzt außer Puste auf seine vier Buchstaben plotzen.,"[""Schlie\u00dflich "", ""lie\u00df "", ""er "", ""sich "", ""vollgeschwitzt "", ""au\u00dfer "", ""Puste "", ""auf "", ""seine "", ""vier "", ""Buchstaben "", ""plotzen"", "".""]","[""O"", ""O"", ""O"", ""O"", ""O"", ""O"", ""O"", ""O"", ""O"", ""B-IDIOM"", ""I-IDIOM"", ""O"", ""O""]","[0, 0, 0, 0, 0, 0, 0, 0, 0, 1, 2, 0, 0]","[""vier Buchstaben""]",german
"Jetzt haben sie ihren Sohn dreißig Jahre lang verwöhnt und kaum hat er eine Freundin, zieht er mir nichts, dir nichts aus.","[""Jetzt "", ""haben "", ""sie "", ""ihren "", ""Sohn "", ""drei\u00dfig "", ""Jahre "", ""lang "", ""verw\u00f6hnt "", ""und "", ""kaum "", ""hat "", ""er "", ""eine "", ""Freundin"", "", "", ""zieht "", ""er "", ""mir "", ""nichts"", "", "", ""dir "", ""nichts "", ""aus"", "".""]","[""O"", ""O"", ""O"", ""O"", ""O"", ""O"", ""O"", ""O"", ""O"", ""O"", ""O"", ""O"", ""O"", ""O"", ""O"", ""O"", ""O"", ""O"", ""B-IDIOM"", ""I-IDIOM"", ""I-IDIOM"", ""I-IDIOM"", ""I-IDIOM"", ""O"", ""O""]","[0, 0, 0, 0, 0, 0, 0, 0, 0, 0, 0, 0, 0, 0, 0, 0, 0, 0, 1, 2, 2, 2, 2, 0, 0]","[""mir nichts, dir nichts""]",german
"Er warf sich – mir nichts, dir nichts – ins Kampfgetümmel.","[""Er "", ""warf "", ""sich "", ""\u2013 "", ""mir "", ""nichts"", "", "", ""dir "", ""nichts "", ""\u2013 "", ""ins "", ""Kampfget\u00fcmmel"", "".""]","[""O"", ""O"", ""O"", ""O"", ""B-IDIOM"", ""I-IDIOM"", ""I-IDIOM"", ""I-IDIOM"", ""I-IDIOM"", ""O"", ""O"", ""O"", ""O""]","[0, 0, 0, 0, 1, 2, 2, 2, 2, 0, 0, 0, 0]","[""mir nichts, dir nichts""]",german
"Meine Befehle sind in den Wind gesprochen. Es ist unmöglich, unter diesen Umständen zu führen. Es ist aus. Der Krieg ist verloren.","[""Meine "", ""Befehle "", ""sind "", ""in "", ""den "", ""Wind "", ""gesprochen"", "". "", ""Es "", ""ist "", ""unm\u00f6glich"", "", "", ""unter "", ""diesen "", ""Umst\u00e4nden "", ""zu "", ""f\u00fchren"", "". "", ""Es "", ""ist "", ""aus"", "". "", ""Der "", ""Krieg "", ""ist "", ""verloren"", "".""]","[""O"", ""O"", ""O"", ""B-IDIOM"", ""I-IDIOM"", ""I-IDIOM"", ""I-IDIOM"", ""O"", ""O"", ""O"", ""O"", ""O"", ""O"", ""O"", ""O"", ""O"", ""O"", ""O"", ""O"", ""O"", ""O"", ""O"", ""O"", ""O"", ""O"", ""O"", ""O""]","[0, 0, 0, 1, 2, 2, 2, 0, 0, 0, 0, 0, 0, 0, 0, 0, 0, 0, 0, 0, 0, 0, 0, 0, 0, 0, 0]","[""in den Wind gesprochen""]",german
Jetzt mal Butter bei die Fische: Hast du's gemacht oder nicht?,"[""Jetzt "", ""mal "", ""Butter "", ""bei "", ""die "", ""Fische"", "": "", ""Hast "", ""du"", ""'s "", ""gemacht "", ""oder "", ""nicht"", ""?""]","[""O"", ""O"", ""B-IDIOM"", ""I-IDIOM"", ""I-IDIOM"", ""I-IDIOM"", ""O"", ""O"", ""O"", ""O"", ""O"", ""O"", ""O"", ""O""]","[0, 0, 1, 2, 2, 2, 0, 0, 0, 0, 0, 0, 0, 0]","[""Butter bei die Fische""]",german
"Kommt, Jungs! Gebt mal bisschen Butter bei die Fische und wir gewinnen das Spiel!","[""Kommt"", "", "", ""Jungs"", ""! "", ""Gebt "", ""mal "", ""bisschen "", ""Butter "", ""bei "", ""die "", ""Fische "", ""und "", ""wir "", ""gewinnen "", ""das "", ""Spiel"", ""!""]","[""O"", ""O"", ""O"", ""O"", ""O"", ""O"", ""O"", ""B-IDIOM"", ""I-IDIOM"", ""I-IDIOM"", ""I-IDIOM"", ""O"", ""O"", ""O"", ""O"", ""O"", ""O""]","[0, 0, 0, 0, 0, 0, 0, 1, 2, 2, 2, 0, 0, 0, 0, 0, 0]","[""Butter bei die Fische""]",german
"Wo seid ihr überall gewesen? – Nürnberg, Würzburg, Bamberg, so die Ecke.","[""Wo "", ""seid "", ""ihr "", ""\u00fcberall "", ""gewesen"", ""? "", ""\u2013 "", ""N\u00fcrnberg"", "", "", ""W\u00fcrzburg"", "", "", ""Bamberg"", "", "", ""so "", ""die "", ""Ecke"", "".""]","[""O"", ""O"", ""O"", ""O"", ""O"", ""O"", ""O"", ""O"", ""O"", ""O"", ""O"", ""O"", ""O"", ""O"", ""B-IDIOM"", ""I-IDIOM"", ""O""]","[0, 0, 0, 0, 0, 0, 0, 0, 0, 0, 0, 0, 0, 0, 1, 2, 0]","[""die Ecke""]",german
Ich hab mir dein Geschrei jetzt zur Genüge angehört.,"[""Ich "", ""hab "", ""mir "", ""dein "", ""Geschrei "", ""jetzt "", ""zur "", ""Gen\u00fcge "", ""angeh\u00f6rt"", "".""]","[""O"", ""O"", ""O"", ""O"", ""O"", ""O"", ""B-IDIOM"", ""I-IDIOM"", ""O"", ""O""]","[0, 0, 0, 0, 0, 0, 1, 2, 0, 0]","[""zur Gen\u00fcge""]",german
Wir haben sie am Tag vorher angerufen und da hat sie über Nacht ein Gedicht für Omas Geburtstag aus dem Ärmel geschüttelt.,"[""Wir "", ""haben "", ""sie "", ""am "", ""Tag "", ""vorher "", ""angerufen "", ""und "", ""da "", ""hat "", ""sie "", ""\u00fcber "", ""Nacht "", ""ein "", ""Gedicht "", ""f\u00fcr "", ""Omas "", ""Geburtstag "", ""aus "", ""dem "", ""\u00c4rmel "", ""gesch\u00fcttelt"", "".""]","[""O"", ""O"", ""O"", ""O"", ""O"", ""O"", ""O"", ""O"", ""O"", ""O"", ""O"", ""O"", ""O"", ""O"", ""O"", ""O"", ""O"", ""O"", ""B-IDIOM"", ""I-IDIOM"", ""I-IDIOM"", ""I-IDIOM"", ""O""]","[0, 0, 0, 0, 0, 0, 0, 0, 0, 0, 0, 0, 0, 0, 0, 0, 0, 0, 1, 2, 2, 2, 0]","[""aus dem \u00c4rmel gesch\u00fcttelt""]",german
"Sie trug wesentlich dazu bei, dass der zuvor beliebte König in Ungnade fiel.","[""Sie "", ""trug "", ""wesentlich "", ""dazu "", ""bei"", "", "", ""dass "", ""der "", ""zuvor "", ""beliebte "", ""K\u00f6nig "", ""in "", ""Ungnade "", ""fiel"", "".""]","[""O"", ""O"", ""O"", ""O"", ""O"", ""O"", ""O"", ""O"", ""O"", ""O"", ""O"", ""B-IDIOM"", ""I-IDIOM"", ""I-IDIOM"", ""O""]","[0, 0, 0, 0, 0, 0, 0, 0, 0, 0, 0, 1, 2, 2, 0]","[""in Ungnade fiel""]",german
Hat er noch was gesagt? — Nee. Er war kurz angebunden.,"[""Hat "", ""er "", ""noch "", ""was "", ""gesagt"", ""? "", ""\u2014 "", ""Nee"", "". "", ""Er "", ""war "", ""kurz "", ""angebunden"", "".""]","[""O"", ""O"", ""O"", ""O"", ""O"", ""O"", ""O"", ""O"", ""O"", ""O"", ""O"", ""B-IDIOM"", ""I-IDIOM"", ""O""]","[0, 0, 0, 0, 0, 0, 0, 0, 0, 0, 0, 1, 2, 0]","[""kurz angebunden""]",german
Stein des Anstoßes sind die folgenden Zeilen: „Vater unser im Himmel/ Geheiligt werde die Lüge/ Mein Fleisch verkomme/ Mein Wille geschehe/ Und den Himmel gib uns auf Erden/ Und vergib uns unsere Gier/ Drum führe uns jetzt in Versuchung/ Und dann erlöse uns von all dem Bösen/ Ich geb euch Liebe/ Ich geb euch Hoffnung/ Doch nur zum Schein/ Denn die Massen woll’n betrogen sein.“,"[""Stein "", ""des "", ""Ansto\u00dfes "", ""sind "", ""die "", ""folgenden "", ""Zeilen"", "": "", ""\u201e"", ""Vater "", ""unser "", ""im "", ""Himmel"", ""/ "", ""Geheiligt "", ""werde "", ""die "", ""L\u00fcge"", ""/ "", ""Mein "", ""Fleisch "", ""verkomme"", ""/ "", ""Mein "", ""Wille "", ""geschehe"", ""/ "", ""Und "", ""den "", ""Himmel "", ""gib "", ""uns "", ""auf "", ""Erden"", ""/ "", ""Und "", ""vergib "", ""uns "", ""unsere "", ""Gier"", ""/ "", ""Drum "", ""f\u00fchre "", ""uns "", ""jetzt "", ""in "", ""Versuchung"", ""/ "", ""Und "", ""dann "", ""erl\u00f6se "", ""uns "", ""von "", ""all "", ""dem "", ""B\u00f6sen"", ""/ "", ""Ich "", ""geb "", ""euch "", ""Liebe"", ""/ "", ""Ich "", ""geb "", ""euch "", ""Hoffnung"", ""/ "", ""Doch "", ""nur "", ""zum "", ""Schein"", ""/ "", ""Denn "", ""die "", ""Massen "", ""woll"", ""\u2019n "", ""betrogen "", ""sein"", ""."", ""\u201c""]","[""B-IDIOM"", ""I-IDIOM"", ""I-IDIOM"", ""O"", ""O"", ""O"", ""O"", ""O"", ""O"", ""O"", ""O"", ""O"", ""O"", ""O"", ""O"", ""O"", ""O"", ""O"", ""O"", ""O"", ""O"", ""O"", ""O"", ""O"", ""O"", ""O"", ""O"", ""O"", ""O"", ""O"", ""O"", ""O"", ""O"", ""O"", ""O"", ""O"", ""O"", ""O"", ""O"", ""O"", ""O"", ""O"", ""O"", ""O"", ""O"", ""O"", ""O"", ""O"", ""O"", ""O"", ""O"", ""O"", ""O"", ""O"", ""O"", ""O"", ""O"", ""O"", ""O"", ""O"", ""O"", ""O"", ""O"", ""O"", ""O"", ""O"", ""O"", ""O"", ""O"", ""O"", ""O"", ""O"", ""O"", ""O"", ""O"", ""O"", ""O"", ""O"", ""O"", ""O"", ""O""]","[1, 2, 2, 0, 0, 0, 0, 0, 0, 0, 0, 0, 0, 0, 0, 0, 0, 0, 0, 0, 0, 0, 0, 0, 0, 0, 0, 0, 0, 0, 0, 0, 0, 0, 0, 0, 0, 0, 0, 0, 0, 0, 0, 0, 0, 0, 0, 0, 0, 0, 0, 0, 0, 0, 0, 0, 0, 0, 0, 0, 0, 0, 0, 0, 0, 0, 0, 0, 0, 0, 0, 0, 0, 0, 0, 0, 0, 0, 0, 0, 0]","[""Stein des Ansto\u00dfes""]",german
"Zumindest die Vorbehalte gegenüber den Ultraorthodoxen scheinen die Kibbuzniks mit der weiteren Gesellschaft zu teilen. Besonders die Unterstützungsleistungen, die jene beziehen, bildeten an den Protesten in Tel Aviv einen zusätzlichen Stein des Anstoßes.","[""Zumindest "", ""die "", ""Vorbehalte "", ""gegen\u00fcber "", ""den "", ""Ultraorthodoxen "", ""scheinen "", ""die "", ""Kibbuzniks "", ""mit "", ""der "", ""weiteren "", ""Gesellschaft "", ""zu "", ""teilen"", "". "", ""Besonders "", ""die "", ""Unterst\u00fctzungsleistungen"", "", "", ""die "", ""jene "", ""beziehen"", "", "", ""bildeten "", ""an "", ""den "", ""Protesten "", ""in "", ""Tel "", ""Aviv "", ""einen "", ""zus\u00e4tzlichen "", ""Stein "", ""des "", ""Ansto\u00dfes"", "".""]","[""O"", ""O"", ""O"", ""O"", ""O"", ""O"", ""O"", ""O"", ""O"", ""O"", ""O"", ""O"", ""O"", ""O"", ""O"", ""O"", ""O"", ""O"", ""O"", ""O"", ""O"", ""O"", ""O"", ""O"", ""O"", ""O"", ""O"", ""O"", ""O"", ""O"", ""O"", ""O"", ""O"", ""B-IDIOM"", ""I-IDIOM"", ""I-IDIOM"", ""O""]","[0, 0, 0, 0, 0, 0, 0, 0, 0, 0, 0, 0, 0, 0, 0, 0, 0, 0, 0, 0, 0, 0, 0, 0, 0, 0, 0, 0, 0, 0, 0, 0, 0, 1, 2, 2, 0]","[""Stein des Ansto\u00dfes""]",german
"Da hat der Kanzlerkandidat Gerhard Schröder beim Barte des Propheten geschworen, die Renten nicht zu kürzen.","[""Da "", ""hat "", ""der "", ""Kanzlerkandidat "", ""Gerhard "", ""Schr\u00f6der "", ""beim "", ""Barte "", ""des "", ""Propheten "", ""geschworen"", "", "", ""die "", ""Renten "", ""nicht "", ""zu "", ""k\u00fcrzen"", "".""]","[""O"", ""O"", ""O"", ""O"", ""O"", ""O"", ""B-IDIOM"", ""I-IDIOM"", ""I-IDIOM"", ""I-IDIOM"", ""O"", ""O"", ""O"", ""O"", ""O"", ""O"", ""O"", ""O""]","[0, 0, 0, 0, 0, 0, 1, 2, 2, 2, 0, 0, 0, 0, 0, 0, 0, 0]","[""beim Barte des Propheten""]",german
"Das muss, beim Barte des Propheten, ganz wundervoll sein!","[""Das "", ""muss"", "", "", ""beim "", ""Barte "", ""des "", ""Propheten"", "", "", ""ganz "", ""wundervoll "", ""sein"", ""!""]","[""O"", ""O"", ""O"", ""B-IDIOM"", ""I-IDIOM"", ""I-IDIOM"", ""I-IDIOM"", ""O"", ""O"", ""O"", ""O"", ""O""]","[0, 0, 0, 1, 2, 2, 2, 0, 0, 0, 0, 0]","[""beim Barte des Propheten""]",german
"Doch wenn, beim Barte des Propheten, die eben noch dem Untergang geweihte Firma nach zwei Monaten am gleichen Ort unter anderem Namen neu ersteht wie Phönix aus dem Wüstensand und ihre ornamentreichen Knotenwunder jetzt zu noch unglaublicheren Hammerpreisen annonciert, dann kann auch der treueste Anhänger orientalischer Märchenerzähler ins Grübeln kommen.","[""Doch "", ""wenn"", "", "", ""beim "", ""Barte "", ""des "", ""Propheten"", "", "", ""die "", ""eben "", ""noch "", ""dem "", ""Untergang "", ""geweihte "", ""Firma "", ""nach "", ""zwei "", ""Monaten "", ""am "", ""gleichen "", ""Ort "", ""unter "", ""anderem "", ""Namen "", ""neu "", ""ersteht "", ""wie "", ""Ph\u00f6nix "", ""aus "", ""dem "", ""W\u00fcstensand "", ""und "", ""ihre "", ""ornamentreichen "", ""Knotenwunder "", ""jetzt "", ""zu "", ""noch "", ""unglaublicheren "", ""Hammerpreisen "", ""annonciert"", "", "", ""dann "", ""kann "", ""auch "", ""der "", ""treueste "", ""Anh\u00e4nger "", ""orientalischer "", ""M\u00e4rchenerz\u00e4hler "", ""ins "", ""Gr\u00fcbeln "", ""kommen"", "".""]","[""O"", ""O"", ""O"", ""B-IDIOM"", ""I-IDIOM"", ""I-IDIOM"", ""I-IDIOM"", ""O"", ""O"", ""O"", ""O"", ""O"", ""O"", ""O"", ""O"", ""O"", ""O"", ""O"", ""O"", ""O"", ""O"", ""O"", ""O"", ""O"", ""O"", ""O"", ""O"", ""O"", ""O"", ""O"", ""O"", ""O"", ""O"", ""O"", ""O"", ""O"", ""O"", ""O"", ""O"", ""O"", ""O"", ""O"", ""O"", ""O"", ""O"", ""O"", ""O"", ""O"", ""O"", ""O"", ""O"", ""O"", ""O"", ""O""]","[0, 0, 0, 1, 2, 2, 2, 0, 0, 0, 0, 0, 0, 0, 0, 0, 0, 0, 0, 0, 0, 0, 0, 0, 0, 0, 0, 0, 0, 0, 0, 0, 0, 0, 0, 0, 0, 0, 0, 0, 0, 0, 0, 0, 0, 0, 0, 0, 0, 0, 0, 0, 0, 0]","[""beim Barte des Propheten""]",german
"Der damalige Bundeskanzler hatte dem Unternehmen Bürgschaften und Darlehen in Höhe von 128 Millionen Euro zugesagt, nachdem es Milliarden in den Sand gesetzt hatte","[""Der "", ""damalige "", ""Bundeskanzler "", ""hatte "", ""dem "", ""Unternehmen "", ""B\u00fcrgschaften "", ""und "", ""Darlehen "", ""in "", ""H\u00f6he "", ""von "", ""128 "", ""Millionen "", ""Euro "", ""zugesagt"", "", "", ""nachdem "", ""es "", ""Milliarden "", ""in "", ""den "", ""Sand "", ""gesetzt "", ""hatte""]","[""O"", ""O"", ""O"", ""O"", ""O"", ""O"", ""O"", ""O"", ""O"", ""O"", ""O"", ""O"", ""O"", ""O"", ""O"", ""O"", ""O"", ""O"", ""O"", ""O"", ""B-IDIOM"", ""I-IDIOM"", ""I-IDIOM"", ""I-IDIOM"", ""O""]","[0, 0, 0, 0, 0, 0, 0, 0, 0, 0, 0, 0, 0, 0, 0, 0, 0, 0, 0, 0, 1, 2, 2, 2, 0]","[""in den Sand gesetzt""]",german
"Die Niederlage unseres Konkurrenten muss uns erst recht anspornen, heute Abend Bestleistung zu bringen.","[""Die "", ""Niederlage "", ""unseres "", ""Konkurrenten "", ""muss "", ""uns "", ""erst "", ""recht "", ""anspornen"", "", "", ""heute "", ""Abend "", ""Bestleistung "", ""zu "", ""bringen"", "".""]","[""O"", ""O"", ""O"", ""O"", ""O"", ""O"", ""B-IDIOM"", ""I-IDIOM"", ""O"", ""O"", ""O"", ""O"", ""O"", ""O"", ""O"", ""O""]","[0, 0, 0, 0, 0, 0, 1, 2, 0, 0, 0, 0, 0, 0, 0, 0]","[""erst recht""]",german
"Wir wurden eingeschüchtert, damit wir den Streik absagen, aber jetzt streiken wir erst recht.","[""Wir "", ""wurden "", ""eingesch\u00fcchtert"", "", "", ""damit "", ""wir "", ""den "", ""Streik "", ""absagen"", "", "", ""aber "", ""jetzt "", ""streiken "", ""wir "", ""erst "", ""recht"", "".""]","[""O"", ""O"", ""O"", ""O"", ""O"", ""O"", ""O"", ""O"", ""O"", ""O"", ""O"", ""O"", ""O"", ""O"", ""B-IDIOM"", ""I-IDIOM"", ""O""]","[0, 0, 0, 0, 0, 0, 0, 0, 0, 0, 0, 0, 0, 0, 1, 2, 0]","[""erst recht""]",german
"Ich war völlig durch den Wind, als ich sie das erste Mal gesehen hab.","[""Ich "", ""war "", ""v\u00f6llig "", ""durch "", ""den "", ""Wind"", "", "", ""als "", ""ich "", ""sie "", ""das "", ""erste "", ""Mal "", ""gesehen "", ""hab"", "".""]","[""O"", ""O"", ""O"", ""B-IDIOM"", ""I-IDIOM"", ""I-IDIOM"", ""O"", ""O"", ""O"", ""O"", ""O"", ""O"", ""O"", ""O"", ""O"", ""O""]","[0, 0, 0, 1, 2, 2, 0, 0, 0, 0, 0, 0, 0, 0, 0, 0]","[""durch den Wind""]",german
"Lass mich erst mal überlegen, ich bin noch etwas durch den Wind.","[""Lass "", ""mich "", ""erst "", ""mal "", ""\u00fcberlegen"", "", "", ""ich "", ""bin "", ""noch "", ""etwas "", ""durch "", ""den "", ""Wind"", "".""]","[""O"", ""O"", ""O"", ""O"", ""O"", ""O"", ""O"", ""O"", ""O"", ""O"", ""B-IDIOM"", ""I-IDIOM"", ""I-IDIOM"", ""O""]","[0, 0, 0, 0, 0, 0, 0, 0, 0, 0, 1, 2, 2, 0]","[""durch den Wind""]",german
Glaubst du an die große Liebe?,"[""Glaubst "", ""du "", ""an "", ""die "", ""gro\u00dfe "", ""Liebe"", ""?""]","[""O"", ""O"", ""O"", ""O"", ""B-IDIOM"", ""I-IDIOM"", ""O""]","[0, 0, 0, 0, 1, 2, 0]","[""gro\u00dfe Liebe""]",german
Die Musik ist meine große Liebe.,"[""Die "", ""Musik "", ""ist "", ""meine "", ""gro\u00dfe "", ""Liebe"", "".""]","[""O"", ""O"", ""O"", ""O"", ""B-IDIOM"", ""I-IDIOM"", ""O""]","[0, 0, 0, 0, 1, 2, 0]","[""gro\u00dfe Liebe""]",german
"Um als deutscher Beamter entlassen zu werden, muss man schon silberne Löffel klauen.","[""Um "", ""als "", ""deutscher "", ""Beamter "", ""entlassen "", ""zu "", ""werden"", "", "", ""muss "", ""man "", ""schon "", ""silberne "", ""L\u00f6ffel "", ""klauen"", "".""]","[""O"", ""O"", ""O"", ""O"", ""O"", ""O"", ""O"", ""O"", ""O"", ""O"", ""O"", ""B-IDIOM"", ""I-IDIOM"", ""I-IDIOM"", ""O""]","[0, 0, 0, 0, 0, 0, 0, 0, 0, 0, 0, 1, 2, 2, 0]","[""silberne L\u00f6ffel klauen""]",german
"Gerade bei Menschen, die viel Wert auf ihren Titel legen, kann man hier leicht ins Fettnäpfchen treten.","[""Gerade "", ""bei "", ""Menschen"", "", "", ""die "", ""viel "", ""Wert "", ""auf "", ""ihren "", ""Titel "", ""legen"", "", "", ""kann "", ""man "", ""hier "", ""leicht "", ""ins "", ""Fettn\u00e4pfchen "", ""treten"", "".""]","[""O"", ""O"", ""O"", ""O"", ""O"", ""O"", ""O"", ""O"", ""O"", ""O"", ""O"", ""O"", ""O"", ""O"", ""O"", ""O"", ""B-IDIOM"", ""I-IDIOM"", ""I-IDIOM"", ""O""]","[0, 0, 0, 0, 0, 0, 0, 0, 0, 0, 0, 0, 0, 0, 0, 0, 1, 2, 2, 0]","[""ins Fettn\u00e4pfchen treten""]",german
"Gleich nach der Begrüßung – sich in das Fauteuil zu setzen, wozu ihm K. einlud, hatte er keine Zeit – bat er K. um ein kurzes Gespräch unter vier Augen.","[""Gleich "", ""nach "", ""der "", ""Begr\u00fc\u00dfung "", ""\u2013 "", ""sich "", ""in "", ""das "", ""Fauteuil "", ""zu "", ""setzen"", "", "", ""wozu "", ""ihm "", ""K. "", ""einlud"", "", "", ""hatte "", ""er "", ""keine "", ""Zeit "", ""\u2013 "", ""bat "", ""er "", ""K. "", ""um "", ""ein "", ""kurzes "", ""Gespr\u00e4ch "", ""unter "", ""vier "", ""Augen"", "".""]","[""O"", ""O"", ""O"", ""O"", ""O"", ""O"", ""O"", ""O"", ""O"", ""O"", ""O"", ""O"", ""O"", ""O"", ""O"", ""O"", ""O"", ""O"", ""O"", ""O"", ""O"", ""O"", ""O"", ""O"", ""O"", ""O"", ""O"", ""O"", ""O"", ""B-IDIOM"", ""I-IDIOM"", ""I-IDIOM"", ""O""]","[0, 0, 0, 0, 0, 0, 0, 0, 0, 0, 0, 0, 0, 0, 0, 0, 0, 0, 0, 0, 0, 0, 0, 0, 0, 0, 0, 0, 0, 1, 2, 2, 0]","[""unter vier Augen""]",german
Sie wohnen ohne Trauschein zusammen.,"[""Sie "", ""wohnen "", ""ohne "", ""Trauschein "", ""zusammen"", "".""]","[""O"", ""O"", ""O"", ""O"", ""O"", ""O""]","[0, 0, 0, 0, 0, 0]",[],german
"Wir sollten das nicht zwischen Tür und Angel besprechen. Kommen Sie doch morgen früh noch mal in mein Büro, ja?","[""Wir "", ""sollten "", ""das "", ""nicht "", ""zwischen "", ""T\u00fcr "", ""und "", ""Angel "", ""besprechen"", "". "", ""Kommen "", ""Sie "", ""doch "", ""morgen "", ""fr\u00fch "", ""noch "", ""mal "", ""in "", ""mein "", ""B\u00fcro"", "", "", ""ja"", ""?""]","[""O"", ""O"", ""O"", ""O"", ""B-IDIOM"", ""I-IDIOM"", ""I-IDIOM"", ""I-IDIOM"", ""O"", ""O"", ""O"", ""O"", ""O"", ""O"", ""O"", ""O"", ""O"", ""O"", ""O"", ""O"", ""O"", ""O"", ""O""]","[0, 0, 0, 0, 1, 2, 2, 2, 0, 0, 0, 0, 0, 0, 0, 0, 0, 0, 0, 0, 0, 0, 0]","[""zwischen T\u00fcr und Angel""]",german
Er schenkte ihr ein offenes Ohr.,"[""Er "", ""schenkte "", ""ihr "", ""ein "", ""offenes "", ""Ohr"", "".""]","[""O"", ""O"", ""O"", ""O"", ""B-IDIOM"", ""I-IDIOM"", ""O""]","[0, 0, 0, 0, 1, 2, 0]","[""offenes Ohr""]",german
Die Politiker kannste alle in einen Sack stecken und draufhauen – da triffste immer den Richtigen.,"[""Die "", ""Politiker "", ""kannste "", ""alle "", ""in "", ""einen "", ""Sack "", ""stecken "", ""und "", ""draufhauen "", ""\u2013 "", ""da "", ""triffste "", ""immer "", ""den "", ""Richtigen"", "".""]","[""O"", ""O"", ""O"", ""O"", ""B-IDIOM"", ""I-IDIOM"", ""I-IDIOM"", ""I-IDIOM"", ""I-IDIOM"", ""I-IDIOM"", ""O"", ""O"", ""O"", ""O"", ""O"", ""O"", ""O""]","[0, 0, 0, 0, 1, 2, 2, 2, 2, 2, 0, 0, 0, 0, 0, 0, 0]","[""in einen Sack stecken und draufhauen""]",german
Alle Verwaltungen der USA schienen gleichzeitig am Ende der Fahnenstange angelangt. Die Staaten kämpften mit Defiziten in Milliardenhöhe.,"[""Alle "", ""Verwaltungen "", ""der "", ""USA "", ""schienen "", ""gleichzeitig "", ""am "", ""Ende "", ""der "", ""Fahnenstange "", ""angelangt"", "". "", ""Die "", ""Staaten "", ""k\u00e4mpften "", ""mit "", ""Defiziten "", ""in "", ""Milliardenh\u00f6he"", "".""]","[""O"", ""O"", ""O"", ""O"", ""O"", ""O"", ""O"", ""B-IDIOM"", ""I-IDIOM"", ""I-IDIOM"", ""O"", ""O"", ""O"", ""O"", ""O"", ""O"", ""O"", ""O"", ""O"", ""O""]","[0, 0, 0, 0, 0, 0, 0, 1, 2, 2, 0, 0, 0, 0, 0, 0, 0, 0, 0, 0]","[""Ende der Fahnenstange""]",german
Vorbereitung ist die halbe Miete.,"[""Vorbereitung "", ""ist "", ""die "", ""halbe "", ""Miete"", "".""]","[""O"", ""O"", ""O"", ""B-IDIOM"", ""I-IDIOM"", ""O""]","[0, 0, 0, 1, 2, 0]","[""halbe Miete""]",german
Gegenseitiges Verstehen ist die halbe Miete! Zum Thema Verständigung mit deinem Welpen und somit auch mit deinem später erwachsenen Hund ist noch einiges zu sagen.,"[""Gegenseitiges "", ""Verstehen "", ""ist "", ""die "", ""halbe "", ""Miete"", ""! "", ""Zum "", ""Thema "", ""Verst\u00e4ndigung "", ""mit "", ""deinem "", ""Welpen "", ""und "", ""somit "", ""auch "", ""mit "", ""deinem "", ""sp\u00e4ter "", ""erwachsenen "", ""Hund "", ""ist "", ""noch "", ""einiges "", ""zu "", ""sagen"", "".""]","[""O"", ""O"", ""O"", ""O"", ""B-IDIOM"", ""I-IDIOM"", ""O"", ""O"", ""O"", ""O"", ""O"", ""O"", ""O"", ""O"", ""O"", ""O"", ""O"", ""O"", ""O"", ""O"", ""O"", ""O"", ""O"", ""O"", ""O"", ""O"", ""O""]","[0, 0, 0, 0, 1, 2, 0, 0, 0, 0, 0, 0, 0, 0, 0, 0, 0, 0, 0, 0, 0, 0, 0, 0, 0, 0, 0]","[""halbe Miete""]",german
"Eine unverwechselbare Position, bei der die CDU Flagge zeigen musste, war das Recht auf Leben. Hier galt es, eindeutig Stellung zu beziehen, ungeachtet dessen, wie die Entscheidung der Mehrheit in unserem Lande ausfiel.","[""Eine "", ""unverwechselbare "", ""Position"", "", "", ""bei "", ""der "", ""die "", ""CDU "", ""Flagge "", ""zeigen "", ""musste"", "", "", ""war "", ""das "", ""Recht "", ""auf "", ""Leben"", "". "", ""Hier "", ""galt "", ""es"", "", "", ""eindeutig "", ""Stellung "", ""zu "", ""beziehen"", "", "", ""ungeachtet "", ""dessen"", "", "", ""wie "", ""die "", ""Entscheidung "", ""der "", ""Mehrheit "", ""in "", ""unserem "", ""Lande "", ""ausfiel"", "".""]","[""O"", ""O"", ""O"", ""O"", ""O"", ""O"", ""O"", ""O"", ""B-IDIOM"", ""I-IDIOM"", ""O"", ""O"", ""O"", ""O"", ""O"", ""O"", ""O"", ""O"", ""O"", ""O"", ""O"", ""O"", ""O"", ""O"", ""O"", ""O"", ""O"", ""O"", ""O"", ""O"", ""O"", ""O"", ""O"", ""O"", ""O"", ""O"", ""O"", ""O"", ""O"", ""O""]","[0, 0, 0, 0, 0, 0, 0, 0, 1, 2, 0, 0, 0, 0, 0, 0, 0, 0, 0, 0, 0, 0, 0, 0, 0, 0, 0, 0, 0, 0, 0, 0, 0, 0, 0, 0, 0, 0, 0, 0]","[""Flagge zeigen""]",german
Ohne Beute mussten die Täter Fersengeld geben.,"[""Ohne "", ""Beute "", ""mussten "", ""die "", ""T\u00e4ter "", ""Fersengeld "", ""geben"", "".""]","[""O"", ""O"", ""O"", ""O"", ""O"", ""B-IDIOM"", ""I-IDIOM"", ""O""]","[0, 0, 0, 0, 0, 1, 2, 0]","[""Fersengeld geben""]",german
Das war eine ganz harmlose Bemerkung. Daraus kann dir niemand einen Strick drehen.,"[""Das "", ""war "", ""eine "", ""ganz "", ""harmlose "", ""Bemerkung"", "". "", ""Daraus "", ""kann "", ""dir "", ""niemand "", ""einen "", ""Strick "", ""drehen"", "".""]","[""O"", ""O"", ""O"", ""O"", ""O"", ""O"", ""O"", ""O"", ""O"", ""O"", ""O"", ""B-IDIOM"", ""I-IDIOM"", ""I-IDIOM"", ""O""]","[0, 0, 0, 0, 0, 0, 0, 0, 0, 0, 0, 1, 2, 2, 0]","[""einen Strick drehen""]",german
Wir haben gequatscht bis in die Puppen / Und vorher gingen wir sinnlos Shoppen,"[""Wir "", ""haben "", ""gequatscht "", ""bis "", ""in "", ""die "", ""Puppen "", ""/ "", ""Und "", ""vorher "", ""gingen "", ""wir "", ""sinnlos "", ""Shoppen""]","[""O"", ""O"", ""O"", ""B-IDIOM"", ""I-IDIOM"", ""I-IDIOM"", ""I-IDIOM"", ""O"", ""O"", ""O"", ""O"", ""O"", ""O"", ""O""]","[0, 0, 0, 1, 2, 2, 2, 0, 0, 0, 0, 0, 0, 0]","[""bis in die Puppen""]",german
Die provokante Werbekampagne ist ordentlich ins Auge gegangen.,"[""Die "", ""provokante "", ""Werbekampagne "", ""ist "", ""ordentlich "", ""ins "", ""Auge "", ""gegangen"", "".""]","[""O"", ""O"", ""O"", ""O"", ""O"", ""B-IDIOM"", ""I-IDIOM"", ""I-IDIOM"", ""O""]","[0, 0, 0, 0, 0, 1, 2, 2, 0]","[""ins Auge gegangen""]",german
"Völlig ausgeschlossen, daß dieser Mann fünfundzwanzig Jahre nicht Schach gespielt haben soll! Er hat doch jeden Zug, jede Gegenpointe auf fünf, auf sechs Züge vorausberechnet. So etwas kann niemand aus dem Handgelenk. Das ist doch völlig ausgeschlossen – nicht wahr?","[""V\u00f6llig "", ""ausgeschlossen"", "", "", ""da\u00df "", ""dieser "", ""Mann "", ""f\u00fcnfundzwanzig "", ""Jahre "", ""nicht "", ""Schach "", ""gespielt "", ""haben "", ""soll"", ""! "", ""Er "", ""hat "", ""doch "", ""jeden "", ""Zug"", "", "", ""jede "", ""Gegenpointe "", ""auf "", ""f\u00fcnf"", "", "", ""auf "", ""sechs "", ""Z\u00fcge "", ""vorausberechnet"", "". "", ""So "", ""etwas "", ""kann "", ""niemand "", ""aus "", ""dem "", ""Handgelenk"", "". "", ""Das "", ""ist "", ""doch "", ""v\u00f6llig "", ""ausgeschlossen "", ""\u2013 "", ""nicht "", ""wahr"", ""?""]","[""O"", ""O"", ""O"", ""O"", ""O"", ""O"", ""O"", ""O"", ""O"", ""O"", ""O"", ""O"", ""O"", ""O"", ""O"", ""O"", ""O"", ""O"", ""O"", ""O"", ""O"", ""O"", ""O"", ""O"", ""O"", ""O"", ""O"", ""O"", ""O"", ""O"", ""O"", ""O"", ""O"", ""O"", ""B-IDIOM"", ""I-IDIOM"", ""I-IDIOM"", ""O"", ""O"", ""O"", ""O"", ""O"", ""O"", ""O"", ""O"", ""O"", ""O""]","[0, 0, 0, 0, 0, 0, 0, 0, 0, 0, 0, 0, 0, 0, 0, 0, 0, 0, 0, 0, 0, 0, 0, 0, 0, 0, 0, 0, 0, 0, 0, 0, 0, 0, 1, 2, 2, 0, 0, 0, 0, 0, 0, 0, 0, 0, 0]","[""aus dem Handgelenk""]",german
"In dem Augenblick verschwand das Schloß, und sie saßen wieder in der alten Hütte. „Nun hast dus,“ sagte der Mann, „jetzt können wir wieder am Hungertuch nagen.“ „Ach,“ sprach die Frau, „ich will den Reichthum lieber nicht, wenn ich nicht weiß von wem er kommt, sonst habe ich doch keine Ruhe.“","[""In "", ""dem "", ""Augenblick "", ""verschwand "", ""das "", ""Schlo\u00df"", "", "", ""und "", ""sie "", ""sa\u00dfen "", ""wieder "", ""in "", ""der "", ""alten "", ""H\u00fctte"", "". "", ""\u201e"", ""Nun "", ""hast "", ""dus"", "","", ""\u201c "", ""sagte "", ""der "", ""Mann"", "", "", ""\u201e"", ""jetzt "", ""k\u00f6nnen "", ""wir "", ""wieder "", ""am "", ""Hungertuch "", ""nagen"", ""."", ""\u201c "", ""\u201e"", ""Ach"", "","", ""\u201c "", ""sprach "", ""die "", ""Frau"", "", "", ""\u201e"", ""ich "", ""will "", ""den "", ""Reichthum "", ""lieber "", ""nicht"", "", "", ""wenn "", ""ich "", ""nicht "", ""wei\u00df "", ""von "", ""wem "", ""er "", ""kommt"", "", "", ""sonst "", ""habe "", ""ich "", ""doch "", ""keine "", ""Ruhe"", ""."", ""\u201c""]","[""O"", ""O"", ""O"", ""O"", ""O"", ""O"", ""O"", ""O"", ""O"", ""O"", ""O"", ""O"", ""O"", ""O"", ""O"", ""O"", ""O"", ""O"", ""O"", ""O"", ""O"", ""O"", ""O"", ""O"", ""O"", ""O"", ""O"", ""O"", ""O"", ""O"", ""O"", ""B-IDIOM"", ""I-IDIOM"", ""I-IDIOM"", ""O"", ""O"", ""O"", ""O"", ""O"", ""O"", ""O"", ""O"", ""O"", ""O"", ""O"", ""O"", ""O"", ""O"", ""O"", ""O"", ""O"", ""O"", ""O"", ""O"", ""O"", ""O"", ""O"", ""O"", ""O"", ""O"", ""O"", ""O"", ""O"", ""O"", ""O"", ""O"", ""O"", ""O"", ""O""]","[0, 0, 0, 0, 0, 0, 0, 0, 0, 0, 0, 0, 0, 0, 0, 0, 0, 0, 0, 0, 0, 0, 0, 0, 0, 0, 0, 0, 0, 0, 0, 1, 2, 2, 0, 0, 0, 0, 0, 0, 0, 0, 0, 0, 0, 0, 0, 0, 0, 0, 0, 0, 0, 0, 0, 0, 0, 0, 0, 0, 0, 0, 0, 0, 0, 0, 0, 0, 0]","[""am Hungertuch nagen""]",german
"Aber auch andere Mütter haben schöne Töchter, die sich Honda, Toyota, Souza Cruz, Bandeirante, UOL, GM, Ford, Esso, Fiat, TIM und Pirelli nennen, um nur einige der nichtdeutschen ausländischen Firmen unter den 500 Größten aufzuführen.","[""Aber "", ""auch "", ""andere "", ""M\u00fctter "", ""haben "", ""sch\u00f6ne "", ""T\u00f6chter"", "", "", ""die "", ""sich "", ""Honda"", "", "", ""Toyota"", "", "", ""Souza "", ""Cruz"", "", "", ""Bandeirante"", "", "", ""UOL"", "", "", ""GM"", "", "", ""Ford"", "", "", ""Esso"", "", "", ""Fiat"", "", "", ""TIM "", ""und "", ""Pirelli "", ""nennen"", "", "", ""um "", ""nur "", ""einige "", ""der "", ""nichtdeutschen "", ""ausl\u00e4ndischen "", ""Firmen "", ""unter "", ""den "", ""500 "", ""Gr\u00f6\u00dften "", ""aufzuf\u00fchren"", "".""]","[""O"", ""B-IDIOM"", ""I-IDIOM"", ""I-IDIOM"", ""I-IDIOM"", ""I-IDIOM"", ""I-IDIOM"", ""O"", ""O"", ""O"", ""O"", ""O"", ""O"", ""O"", ""O"", ""O"", ""O"", ""O"", ""O"", ""O"", ""O"", ""O"", ""O"", ""O"", ""O"", ""O"", ""O"", ""O"", ""O"", ""O"", ""O"", ""O"", ""O"", ""O"", ""O"", ""O"", ""O"", ""O"", ""O"", ""O"", ""O"", ""O"", ""O"", ""O"", ""O"", ""O"", ""O""]","[0, 1, 2, 2, 2, 2, 2, 0, 0, 0, 0, 0, 0, 0, 0, 0, 0, 0, 0, 0, 0, 0, 0, 0, 0, 0, 0, 0, 0, 0, 0, 0, 0, 0, 0, 0, 0, 0, 0, 0, 0, 0, 0, 0, 0, 0, 0]","[""auch andere M\u00fctter haben sch\u00f6ne T\u00f6chter""]",german
"Wenn du dich verzählst, musst du von vorn anfangen.","[""Wenn "", ""du "", ""dich "", ""verz\u00e4hlst"", "", "", ""musst "", ""du "", ""von "", ""vorn "", ""anfangen"", "".""]","[""O"", ""O"", ""O"", ""O"", ""O"", ""O"", ""O"", ""B-IDIOM"", ""I-IDIOM"", ""O"", ""O""]","[0, 0, 0, 0, 0, 0, 0, 1, 2, 0, 0]","[""von vorn""]",german
Mit uns kannst du wirklich keinen Staat machen.,"[""Mit "", ""uns "", ""kannst "", ""du "", ""wirklich "", ""keinen "", ""Staat "", ""machen"", "".""]","[""O"", ""O"", ""O"", ""O"", ""O"", ""O"", ""B-IDIOM"", ""I-IDIOM"", ""O""]","[0, 0, 0, 0, 0, 0, 1, 2, 0]","[""Staat machen""]",german
"Ich habe eine mündliche Zusage, aber ich will noch nichts sagen, bis alles in trockenen Tüchern ist.","[""Ich "", ""habe "", ""eine "", ""m\u00fcndliche "", ""Zusage"", "", "", ""aber "", ""ich "", ""will "", ""noch "", ""nichts "", ""sagen"", "", "", ""bis "", ""alles "", ""in "", ""trockenen "", ""T\u00fcchern "", ""ist"", "".""]","[""O"", ""O"", ""O"", ""O"", ""O"", ""O"", ""O"", ""O"", ""O"", ""O"", ""O"", ""O"", ""O"", ""O"", ""O"", ""B-IDIOM"", ""I-IDIOM"", ""I-IDIOM"", ""O"", ""O""]","[0, 0, 0, 0, 0, 0, 0, 0, 0, 0, 0, 0, 0, 0, 0, 1, 2, 2, 0, 0]","[""in trockenen T\u00fcchern""]",german
"Das Wasserwirtschaftsamt kann auch zum Zuge kommen. Es dauert ziemlich lange, bis das Unternehmen in trockenen Tüchern ist.","[""Das "", ""Wasserwirtschaftsamt "", ""kann "", ""auch "", ""zum "", ""Zuge "", ""kommen"", "". "", ""Es "", ""dauert "", ""ziemlich "", ""lange"", "", "", ""bis "", ""das "", ""Unternehmen "", ""in "", ""trockenen "", ""T\u00fcchern "", ""ist"", "".""]","[""O"", ""O"", ""O"", ""O"", ""O"", ""O"", ""O"", ""O"", ""O"", ""O"", ""O"", ""O"", ""O"", ""O"", ""O"", ""O"", ""B-IDIOM"", ""I-IDIOM"", ""I-IDIOM"", ""O"", ""O""]","[0, 0, 0, 0, 0, 0, 0, 0, 0, 0, 0, 0, 0, 0, 0, 0, 1, 2, 2, 0, 0]","[""in trockenen T\u00fcchern""]",german
"Immer mit der Ruhe, alter Knabe, schön die Ruhe bewahren, ermahnte ich mich, während ich vom Roller stieg und ihn unangekettet vor dem Hôtel du Palais stehen ließ. Die Sache war noch nicht in trockenen Tüchern.","[""Immer "", ""mit "", ""der "", ""Ruhe"", "", "", ""alter "", ""Knabe"", "", "", ""sch\u00f6n "", ""die "", ""Ruhe "", ""bewahren"", "", "", ""ermahnte "", ""ich "", ""mich"", "", "", ""w\u00e4hrend "", ""ich "", ""vom "", ""Roller "", ""stieg "", ""und "", ""ihn "", ""unangekettet "", ""vor "", ""dem "", ""H\u00f4tel "", ""du "", ""Palais "", ""stehen "", ""lie\u00df"", "". "", ""Die "", ""Sache "", ""war "", ""noch "", ""nicht "", ""in "", ""trockenen "", ""T\u00fcchern"", "".""]","[""O"", ""O"", ""O"", ""O"", ""O"", ""O"", ""O"", ""O"", ""O"", ""O"", ""O"", ""O"", ""O"", ""O"", ""O"", ""O"", ""O"", ""O"", ""O"", ""O"", ""O"", ""O"", ""O"", ""O"", ""O"", ""O"", ""O"", ""O"", ""O"", ""O"", ""O"", ""O"", ""O"", ""O"", ""O"", ""O"", ""O"", ""O"", ""B-IDIOM"", ""I-IDIOM"", ""I-IDIOM"", ""O""]","[0, 0, 0, 0, 0, 0, 0, 0, 0, 0, 0, 0, 0, 0, 0, 0, 0, 0, 0, 0, 0, 0, 0, 0, 0, 0, 0, 0, 0, 0, 0, 0, 0, 0, 0, 0, 0, 0, 1, 2, 2, 0]","[""in trockenen T\u00fcchern""]",german
"Selbst als in der Nacht von Sonntag auf Montag die beiden Spitzen der Regierung, sichtlich gezeichnet vom Gesprächsmarathon, verkündigten, man habe sich auf ein aktualisiertes Regierungsprogramm einigen können, war der Pakt noch lange nicht in trockenen Tüchern.","[""Selbst "", ""als "", ""in "", ""der "", ""Nacht "", ""von "", ""Sonntag "", ""auf "", ""Montag "", ""die "", ""beiden "", ""Spitzen "", ""der "", ""Regierung"", "", "", ""sichtlich "", ""gezeichnet "", ""vom "", ""Gespr\u00e4chsmarathon"", "", "", ""verk\u00fcndigten"", "", "", ""man "", ""habe "", ""sich "", ""auf "", ""ein "", ""aktualisiertes "", ""Regierungsprogramm "", ""einigen "", ""k\u00f6nnen"", "", "", ""war "", ""der "", ""Pakt "", ""noch "", ""lange "", ""nicht "", ""in "", ""trockenen "", ""T\u00fcchern"", "".""]","[""O"", ""O"", ""O"", ""O"", ""O"", ""O"", ""O"", ""O"", ""O"", ""O"", ""O"", ""O"", ""O"", ""O"", ""O"", ""O"", ""O"", ""O"", ""O"", ""O"", ""O"", ""O"", ""O"", ""O"", ""O"", ""O"", ""O"", ""O"", ""O"", ""O"", ""O"", ""O"", ""O"", ""O"", ""O"", ""O"", ""O"", ""O"", ""B-IDIOM"", ""I-IDIOM"", ""I-IDIOM"", ""O""]","[0, 0, 0, 0, 0, 0, 0, 0, 0, 0, 0, 0, 0, 0, 0, 0, 0, 0, 0, 0, 0, 0, 0, 0, 0, 0, 0, 0, 0, 0, 0, 0, 0, 0, 0, 0, 0, 0, 1, 2, 2, 0]","[""in trockenen T\u00fcchern""]",german
"Ich habe mich krank gemeldet, weil ich gestern Abend einen über den Durst getrunken habe.","[""Ich "", ""habe "", ""mich "", ""krank "", ""gemeldet"", "", "", ""weil "", ""ich "", ""gestern "", ""Abend "", ""einen "", ""\u00fcber "", ""den "", ""Durst "", ""getrunken "", ""habe"", "".""]","[""O"", ""O"", ""O"", ""O"", ""O"", ""O"", ""O"", ""O"", ""O"", ""O"", ""O"", ""B-IDIOM"", ""I-IDIOM"", ""I-IDIOM"", ""I-IDIOM"", ""O"", ""O""]","[0, 0, 0, 0, 0, 0, 0, 0, 0, 0, 0, 1, 2, 2, 2, 0, 0]","[""\u00fcber den Durst getrunken""]",german
"Pass auf, dass du ihm nicht auf den Schlips trittst.","[""Pass "", ""auf"", "", "", ""dass "", ""du "", ""ihm "", ""nicht "", ""auf "", ""den "", ""Schlips "", ""trittst"", "".""]","[""O"", ""O"", ""O"", ""O"", ""O"", ""O"", ""O"", ""B-IDIOM"", ""I-IDIOM"", ""I-IDIOM"", ""I-IDIOM"", ""O""]","[0, 0, 0, 0, 0, 0, 0, 1, 2, 2, 2, 0]","[""auf den Schlips trittst""]",german
"Ich begriff 1963 die Bundesrepublik weder als Zünglein an der Waage noch als amerikanischen Gegenpol, noch als Speerspitze des Kalten Krieges, sondern fand, daß die Bundesrepublik ihren eigenen Part im Konzert des Westens spielen und ihren eigenen Beitrag leisten müsse - jener Verantwortung gemäß, die sie habe und die ihr niemand abnehme.","[""Ich "", ""begriff "", ""1963 "", ""die "", ""Bundesrepublik "", ""weder "", ""als "", ""Z\u00fcnglein "", ""an "", ""der "", ""Waage "", ""noch "", ""als "", ""amerikanischen "", ""Gegenpol"", "", "", ""noch "", ""als "", ""Speerspitze "", ""des "", ""Kalten "", ""Krieges"", "", "", ""sondern "", ""fand"", "", "", ""da\u00df "", ""die "", ""Bundesrepublik "", ""ihren "", ""eigenen "", ""Part "", ""im "", ""Konzert "", ""des "", ""Westens "", ""spielen "", ""und "", ""ihren "", ""eigenen "", ""Beitrag "", ""leisten "", ""m\u00fcsse "", ""- "", ""jener "", ""Verantwortung "", ""gem\u00e4\u00df"", "", "", ""die "", ""sie "", ""habe "", ""und "", ""die "", ""ihr "", ""niemand "", ""abnehme"", "".""]","[""O"", ""O"", ""O"", ""O"", ""O"", ""O"", ""O"", ""B-IDIOM"", ""I-IDIOM"", ""I-IDIOM"", ""I-IDIOM"", ""O"", ""O"", ""O"", ""O"", ""O"", ""O"", ""O"", ""O"", ""O"", ""O"", ""O"", ""O"", ""O"", ""O"", ""O"", ""O"", ""O"", ""O"", ""O"", ""O"", ""O"", ""O"", ""O"", ""O"", ""O"", ""O"", ""O"", ""O"", ""O"", ""O"", ""O"", ""O"", ""O"", ""O"", ""O"", ""O"", ""O"", ""O"", ""O"", ""O"", ""O"", ""O"", ""O"", ""O"", ""O"", ""O""]","[0, 0, 0, 0, 0, 0, 0, 1, 2, 2, 2, 0, 0, 0, 0, 0, 0, 0, 0, 0, 0, 0, 0, 0, 0, 0, 0, 0, 0, 0, 0, 0, 0, 0, 0, 0, 0, 0, 0, 0, 0, 0, 0, 0, 0, 0, 0, 0, 0, 0, 0, 0, 0, 0, 0, 0, 0]","[""Z\u00fcnglein an der Waage""]",german
Ania Fucz kam erst recht spät zum Kickboxen.,"[""Ania "", ""Fucz "", ""kam "", ""erst "", ""recht "", ""sp\u00e4t "", ""zum "", ""Kickboxen"", "".""]","[""O"", ""O"", ""O"", ""B-IDIOM"", ""I-IDIOM"", ""O"", ""O"", ""O"", ""O""]","[0, 0, 0, 1, 2, 0, 0, 0, 0]","[""erst recht""]",german
"Zwei Mädchen in dieser Klasse, Chantel und Andrea, wollen ihren neuen Klassenkameraden Courtney zum Narren halten.","[""Zwei "", ""M\u00e4dchen "", ""in "", ""dieser "", ""Klasse"", "", "", ""Chantel "", ""und "", ""Andrea"", "", "", ""wollen "", ""ihren "", ""neuen "", ""Klassenkameraden "", ""Courtney "", ""zum "", ""Narren "", ""halten"", "".""]","[""O"", ""O"", ""O"", ""O"", ""O"", ""O"", ""O"", ""O"", ""O"", ""O"", ""O"", ""O"", ""O"", ""O"", ""O"", ""B-IDIOM"", ""I-IDIOM"", ""I-IDIOM"", ""O""]","[0, 0, 0, 0, 0, 0, 0, 0, 0, 0, 0, 0, 0, 0, 0, 1, 2, 2, 0]","[""zum Narren halten""]",german
"Dies zusammen mit seinen Lebenserfahrungen und Erziehung brachte Birney zu der Erkenntnis, dass die Sklaverei ein für alle Mal abgeschafft werden müsse.","[""Dies "", ""zusammen "", ""mit "", ""seinen "", ""Lebenserfahrungen "", ""und "", ""Erziehung "", ""brachte "", ""Birney "", ""zu "", ""der "", ""Erkenntnis"", "", "", ""dass "", ""die "", ""Sklaverei "", ""ein "", ""f\u00fcr "", ""alle "", ""Mal "", ""abgeschafft "", ""werden "", ""m\u00fcsse"", "".""]","[""O"", ""O"", ""O"", ""O"", ""O"", ""O"", ""O"", ""O"", ""O"", ""O"", ""O"", ""O"", ""O"", ""O"", ""O"", ""O"", ""B-IDIOM"", ""I-IDIOM"", ""I-IDIOM"", ""I-IDIOM"", ""O"", ""O"", ""O"", ""O""]","[0, 0, 0, 0, 0, 0, 0, 0, 0, 0, 0, 0, 0, 0, 0, 0, 1, 2, 2, 2, 0, 0, 0, 0]","[""ein f\u00fcr alle Mal""]",german
"Michael Portillo beschrieb seine derzeitige Verwendung, traf den Direktor und blieb über Nacht.","[""Michael "", ""Portillo "", ""beschrieb "", ""seine "", ""derzeitige "", ""Verwendung"", "", "", ""traf "", ""den "", ""Direktor "", ""und "", ""blieb "", ""\u00fcber "", ""Nacht"", "".""]","[""O"", ""O"", ""O"", ""O"", ""O"", ""O"", ""O"", ""O"", ""O"", ""O"", ""O"", ""O"", ""O"", ""O"", ""O""]","[0, 0, 0, 0, 0, 0, 0, 0, 0, 0, 0, 0, 0, 0, 0]",[],german
"Im Drehbuch wissen wir, wer Mazer Rackham wirklich ist, und wir wissen auch, was auf dem Spiel steht, wenn Ender seine Spiele spielt.","[""Im "", ""Drehbuch "", ""wissen "", ""wir"", "", "", ""wer "", ""Mazer "", ""Rackham "", ""wirklich "", ""ist"", "", "", ""und "", ""wir "", ""wissen "", ""auch"", "", "", ""was "", ""auf "", ""dem "", ""Spiel "", ""steht"", "", "", ""wenn "", ""Ender "", ""seine "", ""Spiele "", ""spielt"", "".""]","[""O"", ""O"", ""O"", ""O"", ""O"", ""O"", ""O"", ""O"", ""O"", ""O"", ""O"", ""O"", ""O"", ""O"", ""O"", ""O"", ""O"", ""B-IDIOM"", ""I-IDIOM"", ""I-IDIOM"", ""O"", ""O"", ""O"", ""O"", ""O"", ""O"", ""O"", ""O""]","[0, 0, 0, 0, 0, 0, 0, 0, 0, 0, 0, 0, 0, 0, 0, 0, 0, 1, 2, 2, 0, 0, 0, 0, 0, 0, 0, 0]","[""auf dem Spiel""]",german
"Wie der Name deutlich macht, werden marktbasierte Klimaschutzinstrumente hier keine Rolle spielen.","[""Wie "", ""der "", ""Name "", ""deutlich "", ""macht"", "", "", ""werden "", ""marktbasierte "", ""Klimaschutzinstrumente "", ""hier "", ""keine "", ""Rolle "", ""spielen"", "".""]","[""O"", ""O"", ""O"", ""O"", ""O"", ""O"", ""O"", ""O"", ""O"", ""O"", ""B-IDIOM"", ""I-IDIOM"", ""I-IDIOM"", ""O""]","[0, 0, 0, 0, 0, 0, 0, 0, 0, 0, 1, 2, 2, 0]","[""keine Rolle spielen""]",german
Der gute Ruf von Volkswagen stand in Afrika auf dem Spiel.,"[""Der "", ""gute "", ""Ruf "", ""von "", ""Volkswagen "", ""stand "", ""in "", ""Afrika "", ""auf "", ""dem "", ""Spiel"", "".""]","[""O"", ""O"", ""O"", ""O"", ""O"", ""O"", ""O"", ""O"", ""B-IDIOM"", ""I-IDIOM"", ""I-IDIOM"", ""O""]","[0, 0, 0, 0, 0, 0, 0, 0, 1, 2, 2, 0]","[""auf dem Spiel""]",german
Infolgedessen ist jede Analyse der Wirtschaft als analytisch abgrenzbare und von ihrem sozio-kulturellen und politischen Kontext isolierte Einheit von vornherein fehlerhaft.,"[""Infolgedessen "", ""ist "", ""jede "", ""Analyse "", ""der "", ""Wirtschaft "", ""als "", ""analytisch "", ""abgrenzbare "", ""und "", ""von "", ""ihrem "", ""sozio-kulturellen "", ""und "", ""politischen "", ""Kontext "", ""isolierte "", ""Einheit "", ""von "", ""vornherein "", ""fehlerhaft"", "".""]","[""O"", ""O"", ""O"", ""O"", ""O"", ""O"", ""O"", ""O"", ""O"", ""O"", ""O"", ""O"", ""O"", ""O"", ""O"", ""O"", ""O"", ""O"", ""B-IDIOM"", ""I-IDIOM"", ""O"", ""O""]","[0, 0, 0, 0, 0, 0, 0, 0, 0, 0, 0, 0, 0, 0, 0, 0, 0, 0, 1, 2, 0, 0]","[""von vornherein""]",german
"Der PC Energie Bericht ergab, dass fast die Hälfte aller beruflich genutzten PCs in den USA über Nacht regelmäßig nicht ausgeschaltet werden.","[""Der "", ""PC "", ""Energie "", ""Bericht "", ""ergab"", "", "", ""dass "", ""fast "", ""die "", ""H\u00e4lfte "", ""aller "", ""beruflich "", ""genutzten "", ""PCs "", ""in "", ""den "", ""USA "", ""\u00fcber "", ""Nacht "", ""regelm\u00e4\u00dfig "", ""nicht "", ""ausgeschaltet "", ""werden"", "".""]","[""O"", ""O"", ""O"", ""O"", ""O"", ""O"", ""O"", ""O"", ""O"", ""O"", ""O"", ""O"", ""O"", ""O"", ""O"", ""O"", ""O"", ""O"", ""O"", ""O"", ""O"", ""O"", ""O"", ""O""]","[0, 0, 0, 0, 0, 0, 0, 0, 0, 0, 0, 0, 0, 0, 0, 0, 0, 0, 0, 0, 0, 0, 0, 0]",[],german
"2002 erklärte sie, die palästinensischen Terroranschläge seien zwar nicht zu rechtfertigen, doch habe die israelische Politik ihnen „den Weg geebnet“.","[""2002 "", ""erkl\u00e4rte "", ""sie"", "", "", ""die "", ""pal\u00e4stinensischen "", ""Terroranschl\u00e4ge "", ""seien "", ""zwar "", ""nicht "", ""zu "", ""rechtfertigen"", "", "", ""doch "", ""habe "", ""die "", ""israelische "", ""Politik "", ""ihnen "", ""\u201e"", ""den "", ""Weg "", ""geebnet"", ""\u201c"", "".""]","[""O"", ""O"", ""O"", ""O"", ""O"", ""O"", ""O"", ""O"", ""O"", ""O"", ""O"", ""O"", ""O"", ""O"", ""O"", ""O"", ""O"", ""O"", ""O"", ""O"", ""B-IDIOM"", ""I-IDIOM"", ""I-IDIOM"", ""O"", ""O""]","[0, 0, 0, 0, 0, 0, 0, 0, 0, 0, 0, 0, 0, 0, 0, 0, 0, 0, 0, 0, 1, 2, 2, 0, 0]","[""den Weg geebnet""]",german
"Aber in der Sichtweise dieser Verfassung und vor den Augen des Gesetzes gibt es in diesem Land keine überlegene, dominierende, herrschende Klasse von Bürgern.","[""Aber "", ""in "", ""der "", ""Sichtweise "", ""dieser "", ""Verfassung "", ""und "", ""vor "", ""den "", ""Augen "", ""des "", ""Gesetzes "", ""gibt "", ""es "", ""in "", ""diesem "", ""Land "", ""keine "", ""\u00fcberlegene"", "", "", ""dominierende"", "", "", ""herrschende "", ""Klasse "", ""von "", ""B\u00fcrgern"", "".""]","[""O"", ""O"", ""O"", ""O"", ""O"", ""O"", ""O"", ""O"", ""B-IDIOM"", ""I-IDIOM"", ""I-IDIOM"", ""I-IDIOM"", ""O"", ""O"", ""O"", ""O"", ""O"", ""O"", ""O"", ""O"", ""O"", ""O"", ""O"", ""O"", ""O"", ""O"", ""O""]","[0, 0, 0, 0, 0, 0, 0, 0, 1, 2, 2, 2, 0, 0, 0, 0, 0, 0, 0, 0, 0, 0, 0, 0, 0, 0, 0]","[""den Augen des Gesetzes""]",german
"Das ist die Zuchtrute Gottes, mit der Moses sein Volk in Schach gehalten hat!","[""Das "", ""ist "", ""die "", ""Zuchtrute "", ""Gottes"", "", "", ""mit "", ""der "", ""Moses "", ""sein "", ""Volk "", ""in "", ""Schach "", ""gehalten "", ""hat"", ""!""]","[""O"", ""O"", ""O"", ""O"", ""O"", ""O"", ""O"", ""O"", ""O"", ""O"", ""O"", ""B-IDIOM"", ""I-IDIOM"", ""I-IDIOM"", ""O"", ""O""]","[0, 0, 0, 0, 0, 0, 0, 0, 0, 0, 0, 1, 2, 2, 0, 0]","[""in Schach gehalten""]",german
Behörden und die Schwulenbewegung arbeiteten erfolgreich Hand in Hand.,"[""Beh\u00f6rden "", ""und "", ""die "", ""Schwulenbewegung "", ""arbeiteten "", ""erfolgreich "", ""Hand "", ""in "", ""Hand"", "".""]","[""O"", ""O"", ""O"", ""O"", ""O"", ""O"", ""B-IDIOM"", ""I-IDIOM"", ""I-IDIOM"", ""O""]","[0, 0, 0, 0, 0, 0, 1, 2, 2, 0]","[""Hand in Hand""]",german
"An dieser ist ein Rettungswagen rund um die Uhr einsatzbereit, der auch außerhalb des Flughafenbereichs für die normale Notfallrettung eingesetzt wird.","[""An "", ""dieser "", ""ist "", ""ein "", ""Rettungswagen "", ""rund "", ""um "", ""die "", ""Uhr "", ""einsatzbereit"", "", "", ""der "", ""auch "", ""au\u00dferhalb "", ""des "", ""Flughafenbereichs "", ""f\u00fcr "", ""die "", ""normale "", ""Notfallrettung "", ""eingesetzt "", ""wird"", "".""]","[""O"", ""O"", ""O"", ""O"", ""O"", ""B-IDIOM"", ""I-IDIOM"", ""I-IDIOM"", ""I-IDIOM"", ""O"", ""O"", ""O"", ""O"", ""O"", ""O"", ""O"", ""O"", ""O"", ""O"", ""O"", ""O"", ""O"", ""O""]","[0, 0, 0, 0, 0, 1, 2, 2, 2, 0, 0, 0, 0, 0, 0, 0, 0, 0, 0, 0, 0, 0, 0]","[""rund um die Uhr""]",german
"Hier wird nun deutlich, dass Marek nicht tot ist, sondern mit den anderen gemeinsame Sache gemacht hat.","[""Hier "", ""wird "", ""nun "", ""deutlich"", "", "", ""dass "", ""Marek "", ""nicht "", ""tot "", ""ist"", "", "", ""sondern "", ""mit "", ""den "", ""anderen "", ""gemeinsame "", ""Sache "", ""gemacht "", ""hat"", "".""]","[""O"", ""O"", ""O"", ""O"", ""O"", ""O"", ""O"", ""O"", ""O"", ""O"", ""O"", ""O"", ""O"", ""O"", ""O"", ""B-IDIOM"", ""I-IDIOM"", ""I-IDIOM"", ""O"", ""O""]","[0, 0, 0, 0, 0, 0, 0, 0, 0, 0, 0, 0, 0, 0, 0, 1, 2, 2, 0, 0]","[""gemeinsame Sache gemacht""]",german
Alice und die Ärzte pflegten die Familie rund um die Uhr.,"[""Alice "", ""und "", ""die "", ""\u00c4rzte "", ""pflegten "", ""die "", ""Familie "", ""rund "", ""um "", ""die "", ""Uhr"", "".""]","[""O"", ""O"", ""O"", ""O"", ""O"", ""O"", ""O"", ""B-IDIOM"", ""I-IDIOM"", ""I-IDIOM"", ""I-IDIOM"", ""O""]","[0, 0, 0, 0, 0, 0, 0, 1, 2, 2, 2, 0]","[""rund um die Uhr""]",german
"Zwischen den beiden Detekteien entwickelt sich eine Art Konkurrenzkampf, da sie sich trotz aller Freundschaft immer wieder gewollt oder ungewollt in die Quere kommen.","[""Zwischen "", ""den "", ""beiden "", ""Detekteien "", ""entwickelt "", ""sich "", ""eine "", ""Art "", ""Konkurrenzkampf"", "", "", ""da "", ""sie "", ""sich "", ""trotz "", ""aller "", ""Freundschaft "", ""immer "", ""wieder "", ""gewollt "", ""oder "", ""ungewollt "", ""in "", ""die "", ""Quere "", ""kommen"", "".""]","[""O"", ""O"", ""O"", ""O"", ""O"", ""O"", ""O"", ""O"", ""O"", ""O"", ""O"", ""O"", ""O"", ""O"", ""O"", ""O"", ""O"", ""O"", ""O"", ""O"", ""O"", ""B-IDIOM"", ""I-IDIOM"", ""I-IDIOM"", ""I-IDIOM"", ""O""]","[0, 0, 0, 0, 0, 0, 0, 0, 0, 0, 0, 0, 0, 0, 0, 0, 0, 0, 0, 0, 0, 1, 2, 2, 2, 0]","[""in die Quere kommen""]",german
"Als die Beziehung ans Licht kommt, gibt es zunächst Probleme, die mit Christians Hilfe aber wieder beigelegt werden können.","[""Als "", ""die "", ""Beziehung "", ""ans "", ""Licht "", ""kommt"", "", "", ""gibt "", ""es "", ""zun\u00e4chst "", ""Probleme"", "", "", ""die "", ""mit "", ""Christians "", ""Hilfe "", ""aber "", ""wieder "", ""beigelegt "", ""werden "", ""k\u00f6nnen"", "".""]","[""O"", ""O"", ""O"", ""B-IDIOM"", ""I-IDIOM"", ""I-IDIOM"", ""O"", ""O"", ""O"", ""O"", ""O"", ""O"", ""O"", ""O"", ""O"", ""O"", ""O"", ""O"", ""O"", ""O"", ""O"", ""O""]","[0, 0, 0, 1, 2, 2, 0, 0, 0, 0, 0, 0, 0, 0, 0, 0, 0, 0, 0, 0, 0, 0]","[""ans Licht kommt""]",german
"Eine Generation, die ein paar Dinge geändert hat, aber auch viele andere Arten von Veränderungen erfuhr, über die sie keine Kontrolle hatte, so dass einige von uns auf der Strecke bleiben mussten.","[""Eine "", ""Generation"", "", "", ""die "", ""ein "", ""paar "", ""Dinge "", ""ge\u00e4ndert "", ""hat"", "", "", ""aber "", ""auch "", ""viele "", ""andere "", ""Arten "", ""von "", ""Ver\u00e4nderungen "", ""erfuhr"", "", "", ""\u00fcber "", ""die "", ""sie "", ""keine "", ""Kontrolle "", ""hatte"", "", "", ""so "", ""dass "", ""einige "", ""von "", ""uns "", ""auf "", ""der "", ""Strecke "", ""bleiben "", ""mussten"", "".""]","[""O"", ""O"", ""O"", ""O"", ""O"", ""O"", ""O"", ""O"", ""O"", ""O"", ""O"", ""O"", ""O"", ""O"", ""O"", ""O"", ""O"", ""O"", ""O"", ""O"", ""O"", ""O"", ""O"", ""O"", ""O"", ""O"", ""O"", ""O"", ""O"", ""O"", ""O"", ""B-IDIOM"", ""I-IDIOM"", ""I-IDIOM"", ""I-IDIOM"", ""O"", ""O""]","[0, 0, 0, 0, 0, 0, 0, 0, 0, 0, 0, 0, 0, 0, 0, 0, 0, 0, 0, 0, 0, 0, 0, 0, 0, 0, 0, 0, 0, 0, 0, 1, 2, 2, 2, 0, 0]","[""auf der Strecke bleiben""]",german
"Obwohl Zhang nach den 1940er Jahren intellektuell mundtot gemacht wurde, war er bis dahin ein außergewöhnlich produktiver Schreiber.","[""Obwohl "", ""Zhang "", ""nach "", ""den "", ""1940er "", ""Jahren "", ""intellektuell "", ""mundtot "", ""gemacht "", ""wurde"", "", "", ""war "", ""er "", ""bis "", ""dahin "", ""ein "", ""au\u00dfergew\u00f6hnlich "", ""produktiver "", ""Schreiber"", "".""]","[""O"", ""O"", ""O"", ""O"", ""O"", ""O"", ""O"", ""B-IDIOM"", ""I-IDIOM"", ""O"", ""O"", ""O"", ""O"", ""O"", ""O"", ""O"", ""O"", ""O"", ""O"", ""O""]","[0, 0, 0, 0, 0, 0, 0, 1, 2, 0, 0, 0, 0, 0, 0, 0, 0, 0, 0, 0]","[""mundtot gemacht""]",german
"Die Praxis scheint um 1847 in Ungnade gefallen zu sein, als Dewees vorschlug, dass eine Krankenschwester oder ein anderer Fachmann für diese Aufgabe eher geeignet sei als ein Tier.","[""Die "", ""Praxis "", ""scheint "", ""um "", ""1847 "", ""in "", ""Ungnade "", ""gefallen "", ""zu "", ""sein"", "", "", ""als "", ""Dewees "", ""vorschlug"", "", "", ""dass "", ""eine "", ""Krankenschwester "", ""oder "", ""ein "", ""anderer "", ""Fachmann "", ""f\u00fcr "", ""diese "", ""Aufgabe "", ""eher "", ""geeignet "", ""sei "", ""als "", ""ein "", ""Tier"", "".""]","[""O"", ""O"", ""O"", ""O"", ""O"", ""B-IDIOM"", ""I-IDIOM"", ""I-IDIOM"", ""O"", ""O"", ""O"", ""O"", ""O"", ""O"", ""O"", ""O"", ""O"", ""O"", ""O"", ""O"", ""O"", ""O"", ""O"", ""O"", ""O"", ""O"", ""O"", ""O"", ""O"", ""O"", ""O"", ""O""]","[0, 0, 0, 0, 0, 1, 2, 2, 0, 0, 0, 0, 0, 0, 0, 0, 0, 0, 0, 0, 0, 0, 0, 0, 0, 0, 0, 0, 0, 0, 0, 0]","[""in Ungnade gefallen""]",german
In jüngster Zeit werden ab und zu auch die Grünen eingeladen.,"[""In "", ""j\u00fcngster "", ""Zeit "", ""werden "", ""ab "", ""und "", ""zu "", ""auch "", ""die "", ""Gr\u00fcnen "", ""eingeladen"", "".""]","[""O"", ""O"", ""O"", ""O"", ""B-IDIOM"", ""I-IDIOM"", ""I-IDIOM"", ""O"", ""O"", ""O"", ""O"", ""O""]","[0, 0, 0, 0, 1, 2, 2, 0, 0, 0, 0, 0]","[""ab und zu""]",german
Während seiner langen Jahre im Kongress brach er ab und zu mit seinen Südstaatenkollegen und folgte seinem eigenen Gewissen.,"[""W\u00e4hrend "", ""seiner "", ""langen "", ""Jahre "", ""im "", ""Kongress "", ""brach "", ""er "", ""ab "", ""und "", ""zu "", ""mit "", ""seinen "", ""S\u00fcdstaatenkollegen "", ""und "", ""folgte "", ""seinem "", ""eigenen "", ""Gewissen"", "".""]","[""O"", ""O"", ""O"", ""O"", ""O"", ""O"", ""O"", ""O"", ""B-IDIOM"", ""I-IDIOM"", ""I-IDIOM"", ""O"", ""O"", ""O"", ""O"", ""O"", ""O"", ""O"", ""O"", ""O""]","[0, 0, 0, 0, 0, 0, 0, 0, 1, 2, 2, 0, 0, 0, 0, 0, 0, 0, 0, 0]","[""ab und zu""]",german
"Schlechter ging es da den Hilfskräften, die oft nur von der Hand in den Mund lebten.","[""Schlechter "", ""ging "", ""es "", ""da "", ""den "", ""Hilfskr\u00e4ften"", "", "", ""die "", ""oft "", ""nur "", ""von "", ""der "", ""Hand "", ""in "", ""den "", ""Mund "", ""lebten"", "".""]","[""O"", ""O"", ""O"", ""O"", ""O"", ""O"", ""O"", ""O"", ""O"", ""O"", ""B-IDIOM"", ""I-IDIOM"", ""I-IDIOM"", ""I-IDIOM"", ""I-IDIOM"", ""I-IDIOM"", ""I-IDIOM"", ""O""]","[0, 0, 0, 0, 0, 0, 0, 0, 0, 0, 1, 2, 2, 2, 2, 2, 2, 0]","[""von der Hand in den Mund lebten""]",german
"Ein bemerkenswert früher Versuch, eine zoophile soziale Struktur zu schaffen, die sich auf den sozialen und psychologischen Support spezialisierte, war die Newsgroup soc.support.zoophilia, welche 1994 vorgeschlagen wurde, aber um ein Haar an der benötigten 2/3-Mehrheit scheiterte.","[""Ein "", ""bemerkenswert "", ""fr\u00fcher "", ""Versuch"", "", "", ""eine "", ""zoophile "", ""soziale "", ""Struktur "", ""zu "", ""schaffen"", "", "", ""die "", ""sich "", ""auf "", ""den "", ""sozialen "", ""und "", ""psychologischen "", ""Support "", ""spezialisierte"", "", "", ""war "", ""die "", ""Newsgroup "", ""soc.support.zoophilia"", "", "", ""welche "", ""1994 "", ""vorgeschlagen "", ""wurde"", "", "", ""aber "", ""um "", ""ein "", ""Haar "", ""an "", ""der "", ""ben\u00f6tigten "", ""2"", ""/"", ""3-Mehrheit "", ""scheiterte"", "".""]","[""O"", ""O"", ""O"", ""O"", ""O"", ""O"", ""O"", ""O"", ""O"", ""O"", ""O"", ""O"", ""O"", ""O"", ""O"", ""O"", ""O"", ""O"", ""O"", ""O"", ""O"", ""O"", ""O"", ""O"", ""O"", ""O"", ""O"", ""O"", ""O"", ""O"", ""O"", ""O"", ""O"", ""B-IDIOM"", ""I-IDIOM"", ""I-IDIOM"", ""O"", ""O"", ""O"", ""O"", ""O"", ""O"", ""O"", ""O""]","[0, 0, 0, 0, 0, 0, 0, 0, 0, 0, 0, 0, 0, 0, 0, 0, 0, 0, 0, 0, 0, 0, 0, 0, 0, 0, 0, 0, 0, 0, 0, 0, 0, 1, 2, 2, 0, 0, 0, 0, 0, 0, 0, 0]","[""um ein Haar""]",german
Dabei blieb er allerdings politisch eher ein Hinterbänkler und blieb stets ein Dorn im Auge der Ministerialbürokratie.,"[""Dabei "", ""blieb "", ""er "", ""allerdings "", ""politisch "", ""eher "", ""ein "", ""Hinterb\u00e4nkler "", ""und "", ""blieb "", ""stets "", ""ein "", ""Dorn "", ""im "", ""Auge "", ""der "", ""Ministerialb\u00fcrokratie"", "".""]","[""O"", ""O"", ""O"", ""O"", ""O"", ""O"", ""O"", ""O"", ""O"", ""O"", ""O"", ""O"", ""B-IDIOM"", ""I-IDIOM"", ""I-IDIOM"", ""O"", ""O"", ""O""]","[0, 0, 0, 0, 0, 0, 0, 0, 0, 0, 0, 0, 1, 2, 2, 0, 0, 0]","[""Dorn im Auge""]",german
Der Bahnhof war aber nicht nur von feindlichen Angriffen betroffen: Am 12.September 1944 beschädigte eine außer Kontrolle geratene und abstürzende V1 den Bahnhof.,"[""Der "", ""Bahnhof "", ""war "", ""aber "", ""nicht "", ""nur "", ""von "", ""feindlichen "", ""Angriffen "", ""betroffen"", "": "", ""Am "", ""12."", ""September "", ""1944 "", ""besch\u00e4digte "", ""eine "", ""au\u00dfer "", ""Kontrolle "", ""geratene "", ""und "", ""abst\u00fcrzende "", ""V1 "", ""den "", ""Bahnhof"", "".""]","[""O"", ""O"", ""O"", ""O"", ""O"", ""O"", ""O"", ""O"", ""O"", ""O"", ""O"", ""O"", ""O"", ""O"", ""O"", ""O"", ""O"", ""B-IDIOM"", ""I-IDIOM"", ""I-IDIOM"", ""O"", ""O"", ""O"", ""O"", ""O"", ""O""]","[0, 0, 0, 0, 0, 0, 0, 0, 0, 0, 0, 0, 0, 0, 0, 0, 0, 1, 2, 2, 0, 0, 0, 0, 0, 0]","[""au\u00dfer Kontrolle geratene""]",german
"Die Output-Signale hängen nicht nur von der Kombination der Inputs, sondern auch von der richtigen Reihenfolge der Inputs ab: Mit anderen Worten, das richtige password muss eingegeben werden.","[""Die "", ""Output-Signale "", ""h\u00e4ngen "", ""nicht "", ""nur "", ""von "", ""der "", ""Kombination "", ""der "", ""Inputs"", "", "", ""sondern "", ""auch "", ""von "", ""der "", ""richtigen "", ""Reihenfolge "", ""der "", ""Inputs "", ""ab"", "": "", ""Mit "", ""anderen "", ""Worten"", "", "", ""das "", ""richtige "", ""password "", ""muss "", ""eingegeben "", ""werden"", "".""]","[""O"", ""O"", ""O"", ""O"", ""O"", ""O"", ""O"", ""O"", ""O"", ""O"", ""O"", ""O"", ""O"", ""O"", ""O"", ""O"", ""O"", ""O"", ""O"", ""O"", ""O"", ""B-IDIOM"", ""I-IDIOM"", ""I-IDIOM"", ""O"", ""O"", ""O"", ""O"", ""O"", ""O"", ""O"", ""O""]","[0, 0, 0, 0, 0, 0, 0, 0, 0, 0, 0, 0, 0, 0, 0, 0, 0, 0, 0, 0, 0, 1, 2, 2, 0, 0, 0, 0, 0, 0, 0, 0]","[""Mit anderen Worten""]",german
"Im Juli desselben Jahres nahm sie Abschied von ihrem Heimatsort, ging nach Yan’an und widmete sich von ganzem Herzen der Sache des Kriegs gegen die japanische Aggression.","[""Im "", ""Juli "", ""desselben "", ""Jahres "", ""nahm "", ""sie "", ""Abschied "", ""von "", ""ihrem "", ""Heimatsort"", "", "", ""ging "", ""nach "", ""Yan"", ""\u2019"", ""an "", ""und "", ""widmete "", ""sich "", ""von "", ""ganzem "", ""Herzen "", ""der "", ""Sache "", ""des "", ""Kriegs "", ""gegen "", ""die "", ""japanische "", ""Aggression"", "".""]","[""O"", ""O"", ""O"", ""O"", ""O"", ""O"", ""O"", ""O"", ""O"", ""O"", ""O"", ""O"", ""O"", ""O"", ""O"", ""O"", ""O"", ""O"", ""O"", ""B-IDIOM"", ""I-IDIOM"", ""I-IDIOM"", ""O"", ""O"", ""O"", ""O"", ""O"", ""O"", ""O"", ""O"", ""O""]","[0, 0, 0, 0, 0, 0, 0, 0, 0, 0, 0, 0, 0, 0, 0, 0, 0, 0, 0, 1, 2, 2, 0, 0, 0, 0, 0, 0, 0, 0, 0]","[""von ganzem Herzen""]",german
"Diese Verordnung veränderte den Status der Häuptlinge, also der traditionellen indigenen Stammesführer, von Grund auf.","[""Diese "", ""Verordnung "", ""ver\u00e4nderte "", ""den "", ""Status "", ""der "", ""H\u00e4uptlinge"", "", "", ""also "", ""der "", ""traditionellen "", ""indigenen "", ""Stammesf\u00fchrer"", "", "", ""von "", ""Grund "", ""auf"", "".""]","[""O"", ""O"", ""O"", ""O"", ""O"", ""O"", ""O"", ""O"", ""O"", ""O"", ""O"", ""O"", ""O"", ""O"", ""B-IDIOM"", ""I-IDIOM"", ""I-IDIOM"", ""O""]","[0, 0, 0, 0, 0, 0, 0, 0, 0, 0, 0, 0, 0, 0, 1, 2, 2, 0]","[""von Grund auf""]",german
"Zu dem Zeitpunkt erlaubten NZPO2 und ich, den Schnaps auszugeben, der den Absturz überstanden hatte, und wir feierten eine Party (makaber, aber wir mussten einfach Dampf ablassen).","[""Zu "", ""dem "", ""Zeitpunkt "", ""erlaubten "", ""NZPO2 "", ""und "", ""ich"", "", "", ""den "", ""Schnaps "", ""auszugeben"", "", "", ""der "", ""den "", ""Absturz "", ""\u00fcberstanden "", ""hatte"", "", "", ""und "", ""wir "", ""feierten "", ""eine "", ""Party "", ""("", ""makaber"", "", "", ""aber "", ""wir "", ""mussten "", ""einfach "", ""Dampf "", ""ablassen"", "")"", "".""]","[""O"", ""O"", ""O"", ""O"", ""O"", ""O"", ""O"", ""O"", ""O"", ""O"", ""O"", ""O"", ""O"", ""O"", ""O"", ""O"", ""O"", ""O"", ""O"", ""O"", ""O"", ""O"", ""O"", ""O"", ""O"", ""O"", ""O"", ""O"", ""O"", ""O"", ""B-IDIOM"", ""I-IDIOM"", ""O"", ""O""]","[0, 0, 0, 0, 0, 0, 0, 0, 0, 0, 0, 0, 0, 0, 0, 0, 0, 0, 0, 0, 0, 0, 0, 0, 0, 0, 0, 0, 0, 0, 1, 2, 0, 0]","[""Dampf ablassen""]",german
"Ein begleitender menschlicher Fahrer mit einem ""roten Knopf"" garantierte, dass das Fahrzeug nicht außer Kontrolle geraten und eine Gefahr für die Öffentlichkeit werden konnte.","[""Ein "", ""begleitender "", ""menschlicher "", ""Fahrer "", ""mit "", ""einem "", ""\"""", ""roten "", ""Knopf"", ""\"" "", ""garantierte"", "", "", ""dass "", ""das "", ""Fahrzeug "", ""nicht "", ""au\u00dfer "", ""Kontrolle "", ""geraten "", ""und "", ""eine "", ""Gefahr "", ""f\u00fcr "", ""die "", ""\u00d6ffentlichkeit "", ""werden "", ""konnte"", "".""]","[""O"", ""O"", ""O"", ""O"", ""O"", ""O"", ""O"", ""O"", ""O"", ""O"", ""O"", ""O"", ""O"", ""O"", ""O"", ""O"", ""B-IDIOM"", ""I-IDIOM"", ""I-IDIOM"", ""O"", ""O"", ""O"", ""O"", ""O"", ""O"", ""O"", ""O"", ""O""]","[0, 0, 0, 0, 0, 0, 0, 0, 0, 0, 0, 0, 0, 0, 0, 0, 1, 2, 2, 0, 0, 0, 0, 0, 0, 0, 0, 0]","[""au\u00dfer Kontrolle geraten""]",german
"In den letzten 20 Jahren seines Bestehens war das Taunusheim das Zuhause von bis zu 18 Kindern und Jugendlichen im Alter von 6 bis 18 Jahren, welche rund um die Uhr in zwei Gruppen betreut wurden.","[""In "", ""den "", ""letzten "", ""20 "", ""Jahren "", ""seines "", ""Bestehens "", ""war "", ""das "", ""Taunusheim "", ""das "", ""Zuhause "", ""von "", ""bis "", ""zu "", ""18 "", ""Kindern "", ""und "", ""Jugendlichen "", ""im "", ""Alter "", ""von "", ""6 "", ""bis "", ""18 "", ""Jahren"", "", "", ""welche "", ""rund "", ""um "", ""die "", ""Uhr "", ""in "", ""zwei "", ""Gruppen "", ""betreut "", ""wurden"", "".""]","[""O"", ""O"", ""O"", ""O"", ""O"", ""O"", ""O"", ""O"", ""O"", ""O"", ""O"", ""O"", ""O"", ""O"", ""O"", ""O"", ""O"", ""O"", ""O"", ""O"", ""O"", ""O"", ""O"", ""O"", ""O"", ""O"", ""O"", ""O"", ""B-IDIOM"", ""I-IDIOM"", ""I-IDIOM"", ""I-IDIOM"", ""O"", ""O"", ""O"", ""O"", ""O"", ""O""]","[0, 0, 0, 0, 0, 0, 0, 0, 0, 0, 0, 0, 0, 0, 0, 0, 0, 0, 0, 0, 0, 0, 0, 0, 0, 0, 0, 0, 1, 2, 2, 2, 0, 0, 0, 0, 0, 0]","[""rund um die Uhr""]",german
"Pollo und Monica holen den lebenden Feuerwehrmann heraus, der erklärt, dass einige Häftlinge versuchten, den Feuerwehrwagen zu übernehmen, weshalb er außer Kontrolle geriet.","[""Pollo "", ""und "", ""Monica "", ""holen "", ""den "", ""lebenden "", ""Feuerwehrmann "", ""heraus"", "", "", ""der "", ""erkl\u00e4rt"", "", "", ""dass "", ""einige "", ""H\u00e4ftlinge "", ""versuchten"", "", "", ""den "", ""Feuerwehrwagen "", ""zu "", ""\u00fcbernehmen"", "", "", ""weshalb "", ""er "", ""au\u00dfer "", ""Kontrolle "", ""geriet"", "".""]","[""O"", ""O"", ""O"", ""O"", ""O"", ""O"", ""O"", ""O"", ""O"", ""O"", ""O"", ""O"", ""O"", ""O"", ""O"", ""O"", ""O"", ""O"", ""O"", ""O"", ""O"", ""O"", ""O"", ""O"", ""B-IDIOM"", ""I-IDIOM"", ""I-IDIOM"", ""O""]","[0, 0, 0, 0, 0, 0, 0, 0, 0, 0, 0, 0, 0, 0, 0, 0, 0, 0, 0, 0, 0, 0, 0, 0, 1, 2, 2, 0]","[""au\u00dfer Kontrolle geriet""]",german
"Die Geschichte von Rhampsinit wird heute als eine Art Satire bewertet, in denen ein König von einem bescheidenen Bürger zum Narren gehalten wird.","[""Die "", ""Geschichte "", ""von "", ""Rhampsinit "", ""wird "", ""heute "", ""als "", ""eine "", ""Art "", ""Satire "", ""bewertet"", "", "", ""in "", ""denen "", ""ein "", ""K\u00f6nig "", ""von "", ""einem "", ""bescheidenen "", ""B\u00fcrger "", ""zum "", ""Narren "", ""gehalten "", ""wird"", "".""]","[""O"", ""O"", ""O"", ""O"", ""O"", ""O"", ""O"", ""O"", ""O"", ""O"", ""O"", ""O"", ""O"", ""O"", ""O"", ""O"", ""O"", ""O"", ""O"", ""O"", ""B-IDIOM"", ""I-IDIOM"", ""I-IDIOM"", ""O"", ""O""]","[0, 0, 0, 0, 0, 0, 0, 0, 0, 0, 0, 0, 0, 0, 0, 0, 0, 0, 0, 0, 1, 2, 2, 0, 0]","[""zum Narren gehalten""]",german
"Das Gespräch zwischen den beiden ergibt, dass noch eine weitere Schwester existiert, Cammie, und dass Cammie oft über Nacht im Haus ihrer Freundin Sheila bleibt.","[""Das "", ""Gespr\u00e4ch "", ""zwischen "", ""den "", ""beiden "", ""ergibt"", "", "", ""dass "", ""noch "", ""eine "", ""weitere "", ""Schwester "", ""existiert"", "", "", ""Cammie"", "", "", ""und "", ""dass "", ""Cammie "", ""oft "", ""\u00fcber "", ""Nacht "", ""im "", ""Haus "", ""ihrer "", ""Freundin "", ""Sheila "", ""bleibt"", "".""]","[""O"", ""O"", ""O"", ""O"", ""O"", ""O"", ""O"", ""O"", ""O"", ""O"", ""O"", ""O"", ""O"", ""O"", ""O"", ""O"", ""O"", ""O"", ""O"", ""O"", ""O"", ""O"", ""O"", ""O"", ""O"", ""O"", ""O"", ""O"", ""O""]","[0, 0, 0, 0, 0, 0, 0, 0, 0, 0, 0, 0, 0, 0, 0, 0, 0, 0, 0, 0, 0, 0, 0, 0, 0, 0, 0, 0, 0]",[],german
"Außerdem ist er einer der Unterstützer der Kampagne ""Justice for Andrew Jones"", die zum Ziel hat, die Mörder eines Jugendlichen vor Gericht zu bringen, der 2003 in Liverpool auf offener Straße zu Tode geprügelt wurde.","[""Au\u00dferdem "", ""ist "", ""er "", ""einer "", ""der "", ""Unterst\u00fctzer "", ""der "", ""Kampagne "", ""\"""", ""Justice "", ""for "", ""Andrew "", ""Jones"", ""\"""", "", "", ""die "", ""zum "", ""Ziel "", ""hat"", "", "", ""die "", ""M\u00f6rder "", ""eines "", ""Jugendlichen "", ""vor "", ""Gericht "", ""zu "", ""bringen"", "", "", ""der "", ""2003 "", ""in "", ""Liverpool "", ""auf "", ""offener "", ""Stra\u00dfe "", ""zu "", ""Tode "", ""gepr\u00fcgelt "", ""wurde"", "".""]","[""O"", ""O"", ""O"", ""O"", ""O"", ""O"", ""O"", ""O"", ""O"", ""O"", ""O"", ""O"", ""O"", ""O"", ""O"", ""O"", ""O"", ""O"", ""O"", ""O"", ""O"", ""O"", ""O"", ""O"", ""O"", ""O"", ""O"", ""O"", ""O"", ""O"", ""O"", ""O"", ""O"", ""B-IDIOM"", ""I-IDIOM"", ""I-IDIOM"", ""O"", ""O"", ""O"", ""O"", ""O""]","[0, 0, 0, 0, 0, 0, 0, 0, 0, 0, 0, 0, 0, 0, 0, 0, 0, 0, 0, 0, 0, 0, 0, 0, 0, 0, 0, 0, 0, 0, 0, 0, 0, 1, 2, 2, 0, 0, 0, 0, 0]","[""auf offener Stra\u00dfe""]",german
Durch den Wind wurden 27 Häuser in der Region zerstört.,"[""Durch "", ""den "", ""Wind "", ""wurden "", ""27 "", ""H\u00e4user "", ""in "", ""der "", ""Region "", ""zerst\u00f6rt"", "".""]","[""O"", ""O"", ""O"", ""O"", ""O"", ""O"", ""O"", ""O"", ""O"", ""O"", ""O""]","[0, 0, 0, 0, 0, 0, 0, 0, 0, 0, 0]",[],german
"Der vormalige „Lieblingsgeneral des Führers“ war bei Hitler in Ungnade gefallen, weil er kritische Lagevorträge zur Situation an der Westfront gehalten hatte.","[""Der "", ""vormalige "", ""\u201e"", ""Lieblingsgeneral "", ""des "", ""F\u00fchrers"", ""\u201c "", ""war "", ""bei "", ""Hitler "", ""in "", ""Ungnade "", ""gefallen"", "", "", ""weil "", ""er "", ""kritische "", ""Lagevortr\u00e4ge "", ""zur "", ""Situation "", ""an "", ""der "", ""Westfront "", ""gehalten "", ""hatte"", "".""]","[""O"", ""O"", ""O"", ""O"", ""O"", ""O"", ""O"", ""O"", ""O"", ""O"", ""B-IDIOM"", ""I-IDIOM"", ""I-IDIOM"", ""O"", ""O"", ""O"", ""O"", ""O"", ""O"", ""O"", ""O"", ""O"", ""O"", ""O"", ""O"", ""O""]","[0, 0, 0, 0, 0, 0, 0, 0, 0, 0, 1, 2, 2, 0, 0, 0, 0, 0, 0, 0, 0, 0, 0, 0, 0, 0]","[""in Ungnade gefallen""]",german
"Als auch eine jüdische Nachbarin zu Tode kommt, beschließt Anna, auch aktiven Widerstand zu betreiben.","[""Als "", ""auch "", ""eine "", ""j\u00fcdische "", ""Nachbarin "", ""zu "", ""Tode "", ""kommt"", "", "", ""beschlie\u00dft "", ""Anna"", "", "", ""auch "", ""aktiven "", ""Widerstand "", ""zu "", ""betreiben"", "".""]","[""O"", ""O"", ""O"", ""O"", ""O"", ""B-IDIOM"", ""I-IDIOM"", ""I-IDIOM"", ""O"", ""O"", ""O"", ""O"", ""O"", ""O"", ""O"", ""O"", ""O"", ""O""]","[0, 0, 0, 0, 0, 1, 2, 2, 0, 0, 0, 0, 0, 0, 0, 0, 0, 0]","[""zu Tode kommt""]",german
"Dadurch ist es Finanzinstituten weltweit möglich, ihren elektronischen Zahlungsverkehr in Franken und Euro mit der Schweiz rund um die Uhr in Echtzeit abzuwickeln.","[""Dadurch "", ""ist "", ""es "", ""Finanzinstituten "", ""weltweit "", ""m\u00f6glich"", "", "", ""ihren "", ""elektronischen "", ""Zahlungsverkehr "", ""in "", ""Franken "", ""und "", ""Euro "", ""mit "", ""der "", ""Schweiz "", ""rund "", ""um "", ""die "", ""Uhr "", ""in "", ""Echtzeit "", ""abzuwickeln"", "".""]","[""O"", ""O"", ""O"", ""O"", ""O"", ""O"", ""O"", ""O"", ""O"", ""O"", ""O"", ""O"", ""O"", ""O"", ""O"", ""O"", ""O"", ""B-IDIOM"", ""I-IDIOM"", ""I-IDIOM"", ""I-IDIOM"", ""O"", ""O"", ""O"", ""O""]","[0, 0, 0, 0, 0, 0, 0, 0, 0, 0, 0, 0, 0, 0, 0, 0, 0, 1, 2, 2, 2, 0, 0, 0, 0]","[""rund um die Uhr""]",german
"In der Episode beginnt der „Mann in Schwarz“ (Terry O’Quinn) seinen Plan zur Zerstörung der Insel in die Tat umzusetzen, während Jack Shephard (Matthew Fox) versucht, ihn ein für alle Mal aufzuhalten.","[""In "", ""der "", ""Episode "", ""beginnt "", ""der "", ""\u201e"", ""Mann "", ""in "", ""Schwarz"", ""\u201c "", ""("", ""Terry "", ""O"", ""\u2019"", ""Quinn"", "") "", ""seinen "", ""Plan "", ""zur "", ""Zerst\u00f6rung "", ""der "", ""Insel "", ""in "", ""die "", ""Tat "", ""umzusetzen"", "", "", ""w\u00e4hrend "", ""Jack "", ""Shephard "", ""("", ""Matthew "", ""Fox"", "") "", ""versucht"", "", "", ""ihn "", ""ein "", ""f\u00fcr "", ""alle "", ""Mal "", ""aufzuhalten"", "".""]","[""O"", ""O"", ""O"", ""O"", ""O"", ""O"", ""O"", ""O"", ""O"", ""O"", ""O"", ""O"", ""O"", ""O"", ""O"", ""O"", ""O"", ""O"", ""O"", ""O"", ""O"", ""O"", ""O"", ""O"", ""O"", ""O"", ""O"", ""O"", ""O"", ""O"", ""O"", ""O"", ""O"", ""O"", ""O"", ""O"", ""O"", ""B-IDIOM"", ""I-IDIOM"", ""I-IDIOM"", ""I-IDIOM"", ""O"", ""O""]","[0, 0, 0, 0, 0, 0, 0, 0, 0, 0, 0, 0, 0, 0, 0, 0, 0, 0, 0, 0, 0, 0, 0, 0, 0, 0, 0, 0, 0, 0, 0, 0, 0, 0, 0, 0, 0, 1, 2, 2, 2, 0, 0]","[""ein f\u00fcr alle Mal""]",german
Oftmals wurde die Kohle über Nacht gestohlen.,"[""Oftmals "", ""wurde "", ""die "", ""Kohle "", ""\u00fcber "", ""Nacht "", ""gestohlen"", "".""]","[""O"", ""O"", ""O"", ""O"", ""O"", ""O"", ""O"", ""O""]","[0, 0, 0, 0, 0, 0, 0, 0]",[],german
"Die BusinessWeek publiziert jedes Jahr eine Liste der besten und aussichtsreichsten Studienprogramme, die Designdenken mit Wirtschaftsdenken verknüpfen (D-schools 2009 und D-school Programme 2009, die man im Auge behalten sollte).","[""Die "", ""BusinessWeek "", ""publiziert "", ""jedes "", ""Jahr "", ""eine "", ""Liste "", ""der "", ""besten "", ""und "", ""aussichtsreichsten "", ""Studienprogramme"", "", "", ""die "", ""Designdenken "", ""mit "", ""Wirtschaftsdenken "", ""verkn\u00fcpfen "", ""("", ""D-schools "", ""2009 "", ""und "", ""D-school "", ""Programme "", ""2009"", "", "", ""die "", ""man "", ""im "", ""Auge "", ""behalten "", ""sollte"", "")"", "".""]","[""O"", ""O"", ""O"", ""O"", ""O"", ""O"", ""O"", ""O"", ""O"", ""O"", ""O"", ""O"", ""O"", ""O"", ""O"", ""O"", ""O"", ""O"", ""O"", ""O"", ""O"", ""O"", ""O"", ""O"", ""O"", ""O"", ""O"", ""O"", ""B-IDIOM"", ""I-IDIOM"", ""I-IDIOM"", ""O"", ""O"", ""O""]","[0, 0, 0, 0, 0, 0, 0, 0, 0, 0, 0, 0, 0, 0, 0, 0, 0, 0, 0, 0, 0, 0, 0, 0, 0, 0, 0, 0, 1, 2, 2, 0, 0, 0]","[""im Auge behalten""]",german
"Daraufhin sagt Sarah, dass Jonathon ihre große Liebe sei.","[""Daraufhin "", ""sagt "", ""Sarah"", "", "", ""dass "", ""Jonathon "", ""ihre "", ""gro\u00dfe "", ""Liebe "", ""sei"", "".""]","[""O"", ""O"", ""O"", ""O"", ""O"", ""O"", ""O"", ""B-IDIOM"", ""I-IDIOM"", ""O"", ""O""]","[0, 0, 0, 0, 0, 0, 0, 1, 2, 0, 0]","[""gro\u00dfe Liebe""]",german
"Wie dem auch sei, die Grenze existiert, und eine Ostfront ist geschaffen worden, welche Nazideutschland nicht zu erstürmen wagt.","[""Wie "", ""dem "", ""auch "", ""sei"", "", "", ""die "", ""Grenze "", ""existiert"", "", "", ""und "", ""eine "", ""Ostfront "", ""ist "", ""geschaffen "", ""worden"", "", "", ""welche "", ""Nazideutschland "", ""nicht "", ""zu "", ""erst\u00fcrmen "", ""wagt"", "".""]","[""B-IDIOM"", ""I-IDIOM"", ""I-IDIOM"", ""I-IDIOM"", ""O"", ""O"", ""O"", ""O"", ""O"", ""O"", ""O"", ""O"", ""O"", ""O"", ""O"", ""O"", ""O"", ""O"", ""O"", ""O"", ""O"", ""O"", ""O""]","[1, 2, 2, 2, 0, 0, 0, 0, 0, 0, 0, 0, 0, 0, 0, 0, 0, 0, 0, 0, 0, 0, 0]","[""Wie dem auch sei""]",german
"Die Mutter besucht ihre Tochter nur ab und zu, aber während einer dieser Gelegenheiten kommt ihr die Idee, ihre Tochter sei ein potenzielles Fotomodell.","[""Die "", ""Mutter "", ""besucht "", ""ihre "", ""Tochter "", ""nur "", ""ab "", ""und "", ""zu"", "", "", ""aber "", ""w\u00e4hrend "", ""einer "", ""dieser "", ""Gelegenheiten "", ""kommt "", ""ihr "", ""die "", ""Idee"", "", "", ""ihre "", ""Tochter "", ""sei "", ""ein "", ""potenzielles "", ""Fotomodell"", "".""]","[""O"", ""O"", ""O"", ""O"", ""O"", ""O"", ""B-IDIOM"", ""I-IDIOM"", ""I-IDIOM"", ""O"", ""O"", ""O"", ""O"", ""O"", ""O"", ""O"", ""O"", ""O"", ""O"", ""O"", ""O"", ""O"", ""O"", ""O"", ""O"", ""O"", ""O""]","[0, 0, 0, 0, 0, 0, 1, 2, 2, 0, 0, 0, 0, 0, 0, 0, 0, 0, 0, 0, 0, 0, 0, 0, 0, 0, 0]","[""ab und zu""]",german
Wohl oder übel muss Beppi jetzt ernster genommen werden als bisher.,"[""Wohl "", ""oder "", ""\u00fcbel "", ""muss "", ""Beppi "", ""jetzt "", ""ernster "", ""genommen "", ""werden "", ""als "", ""bisher"", "".""]","[""B-IDIOM"", ""I-IDIOM"", ""I-IDIOM"", ""O"", ""O"", ""O"", ""O"", ""O"", ""O"", ""O"", ""O"", ""O""]","[1, 2, 2, 0, 0, 0, 0, 0, 0, 0, 0, 0]","[""Wohl oder \u00fcbel""]",german
Christian trauerte lange seiner großen Liebe nach.,"[""Christian "", ""trauerte "", ""lange "", ""seiner "", ""gro\u00dfen "", ""Liebe "", ""nach"", "".""]","[""O"", ""O"", ""O"", ""O"", ""B-IDIOM"", ""I-IDIOM"", ""O"", ""O""]","[0, 0, 0, 0, 1, 2, 0, 0]","[""gro\u00dfen Liebe""]",german
"Das Feuer war bis 21:00 Uhr (00:00 UTC 3. September) außer Kontrolle geraten, es gab große Flammen und gelegentliche Explosionen, und wurde von Feuerwehrleuten aus vier Sektoren bekämpft.","[""Das "", ""Feuer "", ""war "", ""bis "", ""21:00 "", ""Uhr "", ""("", ""00:00 "", ""UTC "", ""3. "", ""September"", "") "", ""au\u00dfer "", ""Kontrolle "", ""geraten"", "", "", ""es "", ""gab "", ""gro\u00dfe "", ""Flammen "", ""und "", ""gelegentliche "", ""Explosionen"", "", "", ""und "", ""wurde "", ""von "", ""Feuerwehrleuten "", ""aus "", ""vier "", ""Sektoren "", ""bek\u00e4mpft"", "".""]","[""O"", ""O"", ""O"", ""O"", ""O"", ""O"", ""O"", ""O"", ""O"", ""O"", ""O"", ""O"", ""B-IDIOM"", ""I-IDIOM"", ""I-IDIOM"", ""O"", ""O"", ""O"", ""O"", ""O"", ""O"", ""O"", ""O"", ""O"", ""O"", ""O"", ""O"", ""O"", ""O"", ""O"", ""O"", ""O"", ""O""]","[0, 0, 0, 0, 0, 0, 0, 0, 0, 0, 0, 0, 1, 2, 2, 0, 0, 0, 0, 0, 0, 0, 0, 0, 0, 0, 0, 0, 0, 0, 0, 0, 0]","[""au\u00dfer Kontrolle geraten""]",german
"Oft studierte er mit seinem Vater unter vier Augen, und was er von ihm gehört hatte, schrieb er in sein persönliches Notizbuch.","[""Oft "", ""studierte "", ""er "", ""mit "", ""seinem "", ""Vater "", ""unter "", ""vier "", ""Augen"", "", "", ""und "", ""was "", ""er "", ""von "", ""ihm "", ""geh\u00f6rt "", ""hatte"", "", "", ""schrieb "", ""er "", ""in "", ""sein "", ""pers\u00f6nliches "", ""Notizbuch"", "".""]","[""O"", ""O"", ""O"", ""O"", ""O"", ""O"", ""B-IDIOM"", ""I-IDIOM"", ""I-IDIOM"", ""O"", ""O"", ""O"", ""O"", ""O"", ""O"", ""O"", ""O"", ""O"", ""O"", ""O"", ""O"", ""O"", ""O"", ""O"", ""O""]","[0, 0, 0, 0, 0, 0, 1, 2, 2, 0, 0, 0, 0, 0, 0, 0, 0, 0, 0, 0, 0, 0, 0, 0, 0]","[""unter vier Augen""]",german
"Ich danke allen von ganzem Herzen, die mir dies ermöglicht haben.","[""Ich "", ""danke "", ""allen "", ""von "", ""ganzem "", ""Herzen"", "", "", ""die "", ""mir "", ""dies "", ""erm\u00f6glicht "", ""haben"", "".""]","[""O"", ""O"", ""O"", ""B-IDIOM"", ""I-IDIOM"", ""I-IDIOM"", ""O"", ""O"", ""O"", ""O"", ""O"", ""O"", ""O""]","[0, 0, 0, 1, 2, 2, 0, 0, 0, 0, 0, 0, 0]","[""von ganzem Herzen""]",german
"Lemon Drop sind sehr ertragreiche Chilipflanzen, in einem Jahr kann eine Pflanze über 100 Früchte tragen.","[""Lemon "", ""Drop "", ""sind "", ""sehr "", ""ertragreiche "", ""Chilipflanzen"", "", "", ""in "", ""einem "", ""Jahr "", ""kann "", ""eine "", ""Pflanze "", ""\u00fcber "", ""100 "", ""Fr\u00fcchte "", ""tragen"", "".""]","[""O"", ""O"", ""O"", ""O"", ""O"", ""O"", ""O"", ""O"", ""O"", ""O"", ""O"", ""O"", ""O"", ""O"", ""O"", ""O"", ""O"", ""O""]","[0, 0, 0, 0, 0, 0, 0, 0, 0, 0, 0, 0, 0, 0, 0, 0, 0, 0]",[],german
Ein Rettungswagen der Firma MKT ist zudem rund um die Uhr an der FW 8 stationiert.,"[""Ein "", ""Rettungswagen "", ""der "", ""Firma "", ""MKT "", ""ist "", ""zudem "", ""rund "", ""um "", ""die "", ""Uhr "", ""an "", ""der "", ""FW "", ""8 "", ""stationiert"", "".""]","[""O"", ""O"", ""O"", ""O"", ""O"", ""O"", ""O"", ""B-IDIOM"", ""I-IDIOM"", ""I-IDIOM"", ""I-IDIOM"", ""O"", ""O"", ""O"", ""O"", ""O"", ""O""]","[0, 0, 0, 0, 0, 0, 0, 1, 2, 2, 2, 0, 0, 0, 0, 0, 0]","[""rund um die Uhr""]",german
"Mit verschwindenden Schuldnern und leihunwilligen Banken ist es kein Wunder, dass nach fast drei Jahren mit Niedrigzinsrekorden und massiven Liquiditätsspritzen die Industrieökonomien immer noch so schlecht dastehen.","[""Mit "", ""verschwindenden "", ""Schuldnern "", ""und "", ""leihunwilligen "", ""Banken "", ""ist "", ""es "", ""kein "", ""Wunder"", "", "", ""dass "", ""nach "", ""fast "", ""drei "", ""Jahren "", ""mit "", ""Niedrigzinsrekorden "", ""und "", ""massiven "", ""Liquidit\u00e4tsspritzen "", ""die "", ""Industrie\u00f6konomien "", ""immer "", ""noch "", ""so "", ""schlecht "", ""dastehen"", "".""]","[""O"", ""O"", ""O"", ""O"", ""O"", ""O"", ""O"", ""O"", ""B-IDIOM"", ""I-IDIOM"", ""O"", ""O"", ""O"", ""O"", ""O"", ""O"", ""O"", ""O"", ""O"", ""O"", ""O"", ""O"", ""O"", ""O"", ""O"", ""O"", ""O"", ""O"", ""O""]","[0, 0, 0, 0, 0, 0, 0, 0, 1, 2, 0, 0, 0, 0, 0, 0, 0, 0, 0, 0, 0, 0, 0, 0, 0, 0, 0, 0, 0]","[""kein Wunder""]",german
"Exzellente Produktion- ein richtig fetter Sound; eine Menge Energie und exzellente Lieder, die man nicht mehr aus dem Kopf bekommt.","[""Exzellente "", ""Produktion- "", ""ein "", ""richtig "", ""fetter "", ""Sound"", ""; "", ""eine "", ""Menge "", ""Energie "", ""und "", ""exzellente "", ""Lieder"", "", "", ""die "", ""man "", ""nicht "", ""mehr "", ""aus "", ""dem "", ""Kopf "", ""bekommt"", "".""]","[""O"", ""O"", ""O"", ""O"", ""O"", ""O"", ""O"", ""O"", ""O"", ""O"", ""O"", ""O"", ""O"", ""O"", ""O"", ""O"", ""O"", ""O"", ""B-IDIOM"", ""I-IDIOM"", ""I-IDIOM"", ""O"", ""O""]","[0, 0, 0, 0, 0, 0, 0, 0, 0, 0, 0, 0, 0, 0, 0, 0, 0, 0, 1, 2, 2, 0, 0]","[""aus dem Kopf""]",german
"Als die Xinhai-Revolution Shaanxi erreichte, wodurch acht Ausländer zu Tode kamen, wurde eine Evakuierung aller Missionare und Ausländer geplant.","[""Als "", ""die "", ""Xinhai-Revolution "", ""Shaanxi "", ""erreichte"", "", "", ""wodurch "", ""acht "", ""Ausl\u00e4nder "", ""zu "", ""Tode "", ""kamen"", "", "", ""wurde "", ""eine "", ""Evakuierung "", ""aller "", ""Missionare "", ""und "", ""Ausl\u00e4nder "", ""geplant"", "".""]","[""O"", ""O"", ""O"", ""O"", ""O"", ""O"", ""O"", ""O"", ""O"", ""B-IDIOM"", ""I-IDIOM"", ""I-IDIOM"", ""O"", ""O"", ""O"", ""O"", ""O"", ""O"", ""O"", ""O"", ""O"", ""O""]","[0, 0, 0, 0, 0, 0, 0, 0, 0, 1, 2, 2, 0, 0, 0, 0, 0, 0, 0, 0, 0, 0]","[""zu Tode kamen""]",german
"Am folgenden Tag erklärten zwei führende Mitglieder der jüdischen Gemeinde, dass Jacksons Versuch, ein Lied gegen Diskriminierung zu verfassen, wohl nach hinten losgegangen sei.","[""Am "", ""folgenden "", ""Tag "", ""erkl\u00e4rten "", ""zwei "", ""f\u00fchrende "", ""Mitglieder "", ""der "", ""j\u00fcdischen "", ""Gemeinde"", "", "", ""dass "", ""Jacksons "", ""Versuch"", "", "", ""ein "", ""Lied "", ""gegen "", ""Diskriminierung "", ""zu "", ""verfassen"", "", "", ""wohl "", ""nach "", ""hinten "", ""losgegangen "", ""sei"", "".""]","[""O"", ""O"", ""O"", ""O"", ""O"", ""O"", ""O"", ""O"", ""O"", ""O"", ""O"", ""O"", ""O"", ""O"", ""O"", ""O"", ""O"", ""O"", ""O"", ""O"", ""O"", ""O"", ""O"", ""B-IDIOM"", ""I-IDIOM"", ""I-IDIOM"", ""O"", ""O""]","[0, 0, 0, 0, 0, 0, 0, 0, 0, 0, 0, 0, 0, 0, 0, 0, 0, 0, 0, 0, 0, 0, 0, 1, 2, 2, 0, 0]","[""nach hinten losgegangen""]",german
In den Monaten zuvor war die Umsetzung des Minsker Abkommens wiederholt ins Stocken geraten.,"[""In "", ""den "", ""Monaten "", ""zuvor "", ""war "", ""die "", ""Umsetzung "", ""des "", ""Minsker "", ""Abkommens "", ""wiederholt "", ""ins "", ""Stocken "", ""geraten"", "".""]","[""O"", ""O"", ""O"", ""O"", ""O"", ""O"", ""O"", ""O"", ""O"", ""O"", ""O"", ""B-IDIOM"", ""I-IDIOM"", ""I-IDIOM"", ""O""]","[0, 0, 0, 0, 0, 0, 0, 0, 0, 0, 0, 1, 2, 2, 0]","[""ins Stocken geraten""]",german
"Eriksson ist entsetzt, dass ihre Tanten Eva bei diesem Wetter einen so langen Weg haben laufen lassen nur um Kartoffelmehl zu holen.","[""Eriksson "", ""ist "", ""entsetzt"", "", "", ""dass "", ""ihre "", ""Tanten "", ""Eva "", ""bei "", ""diesem "", ""Wetter "", ""einen "", ""so "", ""langen "", ""Weg "", ""haben "", ""laufen "", ""lassen "", ""nur "", ""um "", ""Kartoffelmehl "", ""zu "", ""holen"", "".""]","[""O"", ""O"", ""O"", ""O"", ""O"", ""O"", ""O"", ""O"", ""O"", ""O"", ""O"", ""O"", ""O"", ""O"", ""O"", ""O"", ""O"", ""O"", ""O"", ""O"", ""O"", ""O"", ""O"", ""O""]","[0, 0, 0, 0, 0, 0, 0, 0, 0, 0, 0, 0, 0, 0, 0, 0, 0, 0, 0, 0, 0, 0, 0, 0]",[],german
"Im Mai 2006 prügelte er sich in Paris auf offener Straße mit zwei jüdischen Teenagern, von denen er einen mit Tränengas besprühte.","[""Im "", ""Mai "", ""2006 "", ""pr\u00fcgelte "", ""er "", ""sich "", ""in "", ""Paris "", ""auf "", ""offener "", ""Stra\u00dfe "", ""mit "", ""zwei "", ""j\u00fcdischen "", ""Teenagern"", "", "", ""von "", ""denen "", ""er "", ""einen "", ""mit "", ""Tr\u00e4nengas "", ""bespr\u00fchte"", "".""]","[""O"", ""O"", ""O"", ""O"", ""O"", ""O"", ""O"", ""O"", ""B-IDIOM"", ""I-IDIOM"", ""I-IDIOM"", ""O"", ""O"", ""O"", ""O"", ""O"", ""O"", ""O"", ""O"", ""O"", ""O"", ""O"", ""O"", ""O""]","[0, 0, 0, 0, 0, 0, 0, 0, 1, 2, 2, 0, 0, 0, 0, 0, 0, 0, 0, 0, 0, 0, 0, 0]","[""auf offener Stra\u00dfe""]",german
"Der vorherrschende Glaube in NAWSA war, dass der Erfolg in einem großen Staat des Ostens das Zünglein an der Waage für die allgemeine Kampagne sein würde.","[""Der "", ""vorherrschende "", ""Glaube "", ""in "", ""NAWSA "", ""war"", "", "", ""dass "", ""der "", ""Erfolg "", ""in "", ""einem "", ""gro\u00dfen "", ""Staat "", ""des "", ""Ostens "", ""das "", ""Z\u00fcnglein "", ""an "", ""der "", ""Waage "", ""f\u00fcr "", ""die "", ""allgemeine "", ""Kampagne "", ""sein "", ""w\u00fcrde"", "".""]","[""O"", ""O"", ""O"", ""O"", ""O"", ""O"", ""O"", ""O"", ""O"", ""O"", ""O"", ""O"", ""O"", ""O"", ""O"", ""O"", ""O"", ""B-IDIOM"", ""I-IDIOM"", ""I-IDIOM"", ""I-IDIOM"", ""O"", ""O"", ""O"", ""O"", ""O"", ""O"", ""O""]","[0, 0, 0, 0, 0, 0, 0, 0, 0, 0, 0, 0, 0, 0, 0, 0, 0, 1, 2, 2, 2, 0, 0, 0, 0, 0, 0, 0]","[""Z\u00fcnglein an der Waage""]",german
Niemand verschwindet einfach so.,"[""Niemand "", ""verschwindet "", ""einfach "", ""so"", "".""]","[""O"", ""O"", ""B-IDIOM"", ""I-IDIOM"", ""O""]","[0, 0, 1, 2, 0]","[""einfach so""]",german
Die Verwurzelung des Meisters des Aachener Altars in der Kölner Malerei steht außer Frage.,"[""Die "", ""Verwurzelung "", ""des "", ""Meisters "", ""des "", ""Aachener "", ""Altars "", ""in "", ""der "", ""K\u00f6lner "", ""Malerei "", ""steht "", ""au\u00dfer "", ""Frage"", "".""]","[""O"", ""O"", ""O"", ""O"", ""O"", ""O"", ""O"", ""O"", ""O"", ""O"", ""O"", ""O"", ""B-IDIOM"", ""I-IDIOM"", ""O""]","[0, 0, 0, 0, 0, 0, 0, 0, 0, 0, 0, 0, 1, 2, 0]","[""au\u00dfer Frage""]",german
Oder sollten sie gezielt K. im Auge behalten?,"[""Oder "", ""sollten "", ""sie "", ""gezielt "", ""K. "", ""im "", ""Auge "", ""behalten"", ""?""]","[""O"", ""O"", ""O"", ""O"", ""O"", ""B-IDIOM"", ""I-IDIOM"", ""I-IDIOM"", ""O""]","[0, 0, 0, 0, 0, 1, 2, 2, 0]","[""im Auge behalten""]",german
"Ab 1960 standen rund um die Uhr zwei mit taktischen Atomwaffen beladene Canberra in Alarmbereitschaft, die innerhalb von 15 Minuten startklar waren.","[""Ab "", ""1960 "", ""standen "", ""rund "", ""um "", ""die "", ""Uhr "", ""zwei "", ""mit "", ""taktischen "", ""Atomwaffen "", ""beladene "", ""Canberra "", ""in "", ""Alarmbereitschaft"", "", "", ""die "", ""innerhalb "", ""von "", ""15 "", ""Minuten "", ""startklar "", ""waren"", "".""]","[""O"", ""O"", ""O"", ""B-IDIOM"", ""I-IDIOM"", ""I-IDIOM"", ""I-IDIOM"", ""O"", ""O"", ""O"", ""O"", ""O"", ""O"", ""O"", ""O"", ""O"", ""O"", ""O"", ""O"", ""O"", ""O"", ""O"", ""O"", ""O""]","[0, 0, 0, 1, 2, 2, 2, 0, 0, 0, 0, 0, 0, 0, 0, 0, 0, 0, 0, 0, 0, 0, 0, 0]","[""rund um die Uhr""]",german
"Es folgten Jahre mit „normaler“ Instrumentierung, ab und zu unterstützt von Geige oder Saxophon.","[""Es "", ""folgten "", ""Jahre "", ""mit "", ""\u201e"", ""normaler"", ""\u201c "", ""Instrumentierung"", "", "", ""ab "", ""und "", ""zu "", ""unterst\u00fctzt "", ""von "", ""Geige "", ""oder "", ""Saxophon"", "".""]","[""O"", ""O"", ""O"", ""O"", ""O"", ""O"", ""O"", ""O"", ""O"", ""B-IDIOM"", ""I-IDIOM"", ""I-IDIOM"", ""O"", ""O"", ""O"", ""O"", ""O"", ""O""]","[0, 0, 0, 0, 0, 0, 0, 0, 0, 1, 2, 2, 0, 0, 0, 0, 0, 0]","[""ab und zu""]",german
"Er führte einige Neuerungen und Verbesserungen ein, die zum Teil auch bei dieser Amphora zum Tragen kommen.","[""Er "", ""f\u00fchrte "", ""einige "", ""Neuerungen "", ""und "", ""Verbesserungen "", ""ein"", "", "", ""die "", ""zum "", ""Teil "", ""auch "", ""bei "", ""dieser "", ""Amphora "", ""zum "", ""Tragen "", ""kommen"", "".""]","[""O"", ""O"", ""O"", ""O"", ""O"", ""O"", ""O"", ""O"", ""O"", ""O"", ""O"", ""O"", ""O"", ""O"", ""O"", ""B-IDIOM"", ""I-IDIOM"", ""I-IDIOM"", ""O""]","[0, 0, 0, 0, 0, 0, 0, 0, 0, 0, 0, 0, 0, 0, 0, 1, 2, 2, 0]","[""zum Tragen kommen""]",german
Die Neue Demokratische Partei (Nachfolgerin der CCF) und die Social Credit Party spielten im neuen Parlament das Zünglein an der Waage.,"[""Die "", ""Neue "", ""Demokratische "", ""Partei "", ""("", ""Nachfolgerin "", ""der "", ""CCF"", "") "", ""und "", ""die "", ""Social "", ""Credit "", ""Party "", ""spielten "", ""im "", ""neuen "", ""Parlament "", ""das "", ""Z\u00fcnglein "", ""an "", ""der "", ""Waage"", "".""]","[""O"", ""O"", ""O"", ""O"", ""O"", ""O"", ""O"", ""O"", ""O"", ""O"", ""O"", ""O"", ""O"", ""O"", ""O"", ""O"", ""O"", ""O"", ""O"", ""B-IDIOM"", ""I-IDIOM"", ""I-IDIOM"", ""I-IDIOM"", ""O""]","[0, 0, 0, 0, 0, 0, 0, 0, 0, 0, 0, 0, 0, 0, 0, 0, 0, 0, 0, 1, 2, 2, 2, 0]","[""Z\u00fcnglein an der Waage""]",german
"Der Brand begann, als ein kleines Feuer im Palace Cafe auf der Südseite der Straße am Memorial Day etwa um 4 Uhr morgens außer Kontrolle geriet.","[""Der "", ""Brand "", ""begann"", "", "", ""als "", ""ein "", ""kleines "", ""Feuer "", ""im "", ""Palace "", ""Cafe "", ""auf "", ""der "", ""S\u00fcdseite "", ""der "", ""Stra\u00dfe "", ""am "", ""Memorial "", ""Day "", ""etwa "", ""um "", ""4 "", ""Uhr "", ""morgens "", ""au\u00dfer "", ""Kontrolle "", ""geriet"", "".""]","[""O"", ""O"", ""O"", ""O"", ""O"", ""O"", ""O"", ""O"", ""O"", ""O"", ""O"", ""O"", ""O"", ""O"", ""O"", ""O"", ""O"", ""O"", ""O"", ""O"", ""O"", ""O"", ""O"", ""O"", ""B-IDIOM"", ""I-IDIOM"", ""I-IDIOM"", ""O""]","[0, 0, 0, 0, 0, 0, 0, 0, 0, 0, 0, 0, 0, 0, 0, 0, 0, 0, 0, 0, 0, 0, 0, 0, 1, 2, 2, 0]","[""au\u00dfer Kontrolle geriet""]",german
"Baldwin kehrte allerdings mit leeren Händen nach Richmond zurück, als er und Lincoln feststellten, dass sie aneinander vorbeigeredet hatten.","[""Baldwin "", ""kehrte "", ""allerdings "", ""mit "", ""leeren "", ""H\u00e4nden "", ""nach "", ""Richmond "", ""zur\u00fcck"", "", "", ""als "", ""er "", ""und "", ""Lincoln "", ""feststellten"", "", "", ""dass "", ""sie "", ""aneinander "", ""vorbeigeredet "", ""hatten"", "".""]","[""O"", ""O"", ""O"", ""B-IDIOM"", ""I-IDIOM"", ""I-IDIOM"", ""O"", ""O"", ""O"", ""O"", ""O"", ""O"", ""O"", ""O"", ""O"", ""O"", ""O"", ""O"", ""O"", ""O"", ""O"", ""O""]","[0, 0, 0, 1, 2, 2, 0, 0, 0, 0, 0, 0, 0, 0, 0, 0, 0, 0, 0, 0, 0, 0]","[""mit leeren H\u00e4nden""]",german
"Sandy und Rose sind die zwei Mädchen, für die Jean Brodie die meisten Hoffnungen hat, dass sie eines Tages zur crème de la crème gehören werden.","[""Sandy "", ""und "", ""Rose "", ""sind "", ""die "", ""zwei "", ""M\u00e4dchen"", "", "", ""f\u00fcr "", ""die "", ""Jean "", ""Brodie "", ""die "", ""meisten "", ""Hoffnungen "", ""hat"", "", "", ""dass "", ""sie "", ""eines "", ""Tages "", ""zur "", ""cr\u00e8me "", ""de "", ""la "", ""cr\u00e8me "", ""geh\u00f6ren "", ""werden"", "".""]","[""O"", ""O"", ""O"", ""O"", ""O"", ""O"", ""O"", ""O"", ""O"", ""O"", ""O"", ""O"", ""O"", ""O"", ""O"", ""O"", ""O"", ""O"", ""O"", ""O"", ""O"", ""O"", ""B-IDIOM"", ""I-IDIOM"", ""I-IDIOM"", ""I-IDIOM"", ""O"", ""O"", ""O""]","[0, 0, 0, 0, 0, 0, 0, 0, 0, 0, 0, 0, 0, 0, 0, 0, 0, 0, 0, 0, 0, 0, 1, 2, 2, 2, 0, 0, 0]","[""cr\u00e8me de la cr\u00e8me""]",german
